time,x,y,left_dist
153928.73,377.220375877453,256.450201733788,11.6534328460693
153961.87,377.648621973872,260.942471753412,12.0612430572509
153989.21,379.417003203113,264.507811254245,12.258825302124
154024.71,380.571456731991,266.553699783281,11.5834808349609
154054.59,380.386387068269,265.792843555995,11.6861629486083
154086.17,377.295871650976,262.31175223393,11.6358661651611
154124.91,377.225763613883,259.849080773215,11.5143013000488
154166.88,372.31313842794,259.640854224146,11.7352294921875
154201.11,365.388745120518,258.174190987525,11.8589115142822
154230.63,359.902626598253,259.70974820602,11.6236782073974
154262.84,358.924137875575,263.227293334612,11.6863346099853
154296.65,356.690581074183,264.944494970409,11.7279624938964
154326.73,359.718294361998,264.323599082857,11.5362739562988
154357.86,369.024811293194,265.675986512986,11.2677955627441
154392.19,382.836405182747,262.216730548754,11.3067913055419
154422.29,397.587377116475,259.894801634357,11.083288192749
154461.37,414.470275691171,258.492421949801,11.3029289245605
154489.09,426.770143622053,259.229948082483,11.5243434906005
154518.8,433.6114086179,258.658449980494,11.595754623413
154572.59,435.981165775963,261.171657406353,11.5241718292236
154599.73,434.78401087843,263.113394529388,11.4794254302978
154631.2,430.673578048488,264.362467067703,11.5394496917724
154662.32,432.362733215726,266.825909338667,11.2009048461914
154699.75,439.655982755095,270.103960834067,11.072301864624
154730.03,450.424535708337,273.839939970439,11.200361251831
154758.24,461.628921300462,275.49935838523,10.9077930450439
154792.61,474.754715142923,276.694625437967,11.0754489898681
154826.12,482.892403823705,277.249759537463,10.9003543853759
154855.44,489.5730669938,275.36247770529,10.9227561950683
154885.49,498.063284086513,276.164756786453,10.6259536743164
154922.67,511.066752651715,276.689198601283,10.537633895874
154969.61,523.289360289893,276.887023968537,11.0051536560058
155001.66,537.637735518899,275.620231293141,10.4711437225341
155029.53,550.299082130727,277.225742645202,10.5663299560546
155065.29,559.313220988479,274.414648158532,10.4898834228515
155092.92,563.63904404532,270.797027089229,10.5324554443359
155132.47,568.569692595738,266.472543693512,10.982494354248
155162.22,573.801746885097,263.511700978305,10.3992462158203
155189.67,579.546494737526,261.135146564595,10.7533836364746
155222.09,582.398628917817,259.304607965671,10.991621017456
155254.54,585.142826694026,259.773680104639,10.6006622314453
155292.78,586.04022356679,260.783493386097,11.0297870635986
155318.55,586.291439514402,262.043546691307,10.4045677185058
155367.31,585.681738188087,261.187528215585,10.601749420166
155402.62,585.932196667442,262.511511249467,10.5864429473876
155428.63,588.360443311479,264.78007355654,10.5478191375732
155463.86,596.518754272416,264.571394419223,10.6362247467041
155498.98,603.19117638955,263.464071166482,10.7013416290283
155528.28,609.944150953801,261.889973333602,10.4796409606933
155557.94,616.596875025196,256.918080226006,11.0363388061523
155594.92,621.358204224093,252.464228306994,10.9259605407714
155626.87,621.050004917186,247.310956628112,10.5134868621826
155653.8,621.207574049102,244.435239954339,10.4272270202636
155687.32,622.384124161128,240.304818380176,10.5704498291015
155720.85,625.124066970455,237.500089679862,10.55757522583
155766.43,629.568071678145,235.30187945277,10.3392219543457
155804.13,634.716916913323,239.97459563228,10.2917575836181
155830.36,642.723632224347,242.946959066761,10.6062412261962
155863.72,650.32222386124,247.838413424447,10.6097030639648
155897.94,653.703802004656,253.642760452992,10.6592845916748
155926.94,654.279199397183,259.874290105849,10.1818370819091
155959.55,668.672673490939,267.952463179403,9.21655654907226
155992.96,691.876469835069,280.045220793368,9.36418533325195
156021.74,726.004953870608,297.684877651952,9.1380500793457
156054.75,788.323875287127,331.474286112822,5.34748077392578
156088.76,848.780488008542,376.359515062943,3.00971031188964
156121.37,891.3320463867,427.554506041504,6.88633918762207
156171.89,933.766760280615,473.627780725196,8.40771675109863
156199.06,952.649589202666,506.886280364038,9.35440063476562
156229.23,934.171283535116,511.291823119678,9.92388725280761
156267.41,911.262805045612,489.26809016187,10.3674888610839
156298.88,891.524335955795,447.722618948891,10.358076095581
156325.94,859.136399319649,401.784402631399,10.0691699981689
156362.26,840.484948697008,362.215298146759,9.96565818786621
156392.1,832.304503946809,334.310874936182,9.86231803894043
156458.42,832.318070322328,316.574933675125,9.97195243835449
156471.7,833.480689329687,305.128813680446,9.82037544250488
156489.54,835.97728174256,296.273072537084,10.3506088256835
156517.82,832.153873601828,289.404484884024,9.62450981140136
156571.93,830.172683449272,283.717195684617,10.2249526977539
156600.24,828.157922736054,282.167877549492,9.93464469909668
156631.94,825.016471859695,279.649434203146,10.3178787231445
156667.38,822.332611062138,279.005140646767,10.1077651977539
156695.43,824.425777407686,277.579601280818,10.332498550415
156724.31,829.281923049934,275.932804448509,10.1240158081054
156762.86,840.795471747186,272.181053799598,10.3645992279052
156794.35,857.596189764924,268.59996253531,10.7384777069091
156859.89,877.226535329566,262.856532169763,10.6681823730468
156874.02,897.15541647766,258.495972554726,10.83589553833
156889.09,913.712936276173,255.282418709096,10.7523536682128
156918.72,922.885465302232,250.764773553514,10.7544136047363
156952.28,924.122562044348,249.939903945383,10.4145526885986
157001.59,919.183651356759,249.782284945426,10.6670665740966
157030.99,910.957605972302,247.43453194814,10.5946826934814
157061.55,902.983628847083,243.71431624944,10.5101108551025
157094.33,894.741491892103,242.068421390157,10.7263755798339
157128.59,891.324817244132,238.83413082419,10.9010696411132
157157.94,893.843046617999,235.4527519024,10.6246089935302
157190.02,898.243621493947,231.994380776215,10.8883666992187
157255,905.091100746172,228.329273292298,10.4429626464843
157270.52,911.892342986045,223.656499633672,10.9275913238525
157289.74,917.470629403751,220.935785874188,10.5073070526123
157321.81,920.390093272209,219.189744015486,11.0235214233398
157349.21,924.008145993117,218.476771687244,10.3991031646728
157402.49,929.876157675628,218.303738097502,10.6032085418701
157431.18,937.104991548349,218.138783210948,10.6648921966552
157462.84,942.71244846784,217.275363091624,10.9113693237304
157494.94,947.641542810366,217.328802629282,10.7825374603271
157527.85,953.103426554873,218.56605015575,10.3921222686767
157557.41,953.965765015539,219.110395277594,10.8948898315429
157592.81,954.578142221955,219.637471365603,10.6943607330322
157653.55,956.747543529433,218.942715545114,11.052017211914
157667.97,959.741357503396,216.36768290307,10.5218410491943
157687.9,962.427333750227,212.751455928068,11.1779594421386
157721.05,967.007427475819,210.481002071562,10.6466388702392
157749.75,969.872787199554,206.974725326536,10.352611541748
157804.22,970.909488067284,206.306748019918,11.2034225463867
157829.47,972.56128746531,207.092659241741,10.9222412109375
157863.35,975.214847874216,208.680975817983,10.768232345581
157896.54,977.033022555666,210.443193384317,10.984239578247
157927.51,981.643940328742,214.069297518912,10.339879989624
157959.75,988.541088160658,212.073229066193,10.8166408538818
157990.49,995.978198683168,210.359991905432,11.4464378356933
158055.27,1004.16159866459,209.122360451133,10.7479190826416
158068.85,1011.78064583672,207.728039817895,10.96604347229
158090.38,1019.59646541299,206.435809129448,11.073875427246
158122.21,1025.12840392228,207.15476553356,11.1046028137207
158148.52,1029.96344842113,207.684831427671,11.1195373535156
158202.64,1029.58925124762,208.102779128195,10.9321689605712
158228.62,1018.73223146627,210.431344175879,10.526533126831
158262.22,956.46529667982,216.345686196882,10.4310607910156
158299.9,847.579770082746,226.372572227214,11.8545055389404
158327.33,714.110611311175,238.189423723087,12.1211814880371
158358.26,574.405216777757,247.598743481068,11.9550418853759
158394.68,443.797805974856,252.886101979703,12.3326969146728
158457.48,361.689613768779,253.352721520599,12.0503711700439
158470.06,326.543919772875,250.897322257727,12.3884868621826
158485.02,317.408196673832,246.413913119055,12.2558212280273
158522.2,319.358252399228,244.863708895849,12.6106166839599
158548.53,324.518954219601,245.05981985255,12.0043087005615
158600.68,332.905780371104,246.863009875573,12.4753761291503
158633.07,344.470637152287,248.885355451381,12.3621940612792
158662.92,353.52433115038,251.179133081078,12.1869850158691
158695.58,357.090809557774,252.342272886136,12.4228763580322
158727.29,357.786172367324,254.505495112925,12.0662498474121
158757.82,355.189822094768,255.351409880947,12.3429679870605
158797.16,350.343989676565,256.858912582966,11.7307662963867
158855.13,345.484897753577,259.640712926393,12.1225833892822
158868.44,342.241769023887,262.394207963943,11.9296932220458
158888.76,340.854026058251,264.497956858608,12.1470737457275
158918.63,339.538239836055,267.513161611901,12.3106098175048
158956.81,338.15690007549,269.944686962928,12.2647476196289
158998.34,338.128402794007,272.101978694953,11.7759704589843
159030.94,341.153937409748,275.827592142949,12.3195075988769
159063.26,345.790114083279,279.074058074433,11.9189929962158
159094.71,354.833141099335,281.203269799007,12.2865200042724
159126.62,362.591795176988,282.020937391285,12.5208663940429
159163.38,371.470283477901,282.376646083669,11.3610076904296
159191.35,382.014304148384,282.50036308407,11.6485404968261
159255.8,396.681009288535,282.102296686876,11.8619728088378
159267.95,408.574302263302,279.75163477356,11.7673301696777
159293.41,421.935326032174,279.451510792256,11.8730449676513
159318.09,431.275139458075,279.828481419081,11.1698627471923
159351.12,438.397317729147,282.651272354711,11.5388202667236
159401.12,437.505405487098,283.549021816977,10.2754497528076
159430.94,435.952092627005,285.856054584229,12.0192432403564
159462.54,438.224663286601,288.602354041588,11.877794265747
159497.63,442.063544590695,290.666896837957,11.0382270812988
159526.88,443.956610007086,289.767048949958,11.1534976959228
159557.68,452.060076424891,292.935831560527,11.2354373931884
159591.23,463.230738037944,295.235598969073,10.872459411621
159660.69,470.524538187836,294.95905045448,11.3946819305419
159675.28,479.018971760078,293.399325572526,10.9509372711181
159689.3,487.69600464648,294.140762002356,10.704288482666
159717.86,491.98822040262,293.638539928447,10.8857917785644
159755.25,493.801770464382,296.919879066543,11.0877513885498
159802.39,494.125907410547,302.49025038762,11.1818790435791
159829.17,490.745062315435,311.159734602852,10.9537982940673
159861.18,487.991230763711,317.347332729732,10.8559226989746
159897.51,482.974227126456,323.117224524398,10.0178718566894
159926.32,483.578218133787,326.693880454872,10.3642272949218
159959.97,489.596760904584,330.759085520632,10.361738204956
159991.53,501.332430906049,330.527935525885,10.4639625549316
160058.62,514.437794844132,328.657345095764,9.94073867797851
160072.86,532.126297268957,326.760978155767,10.2099895477294
160088.3,547.196354575448,327.138387442902,10.0977802276611
160120.54,561.799017154907,322.53073504648,9.28278923034668
160153.93,580.013982108135,321.275949667494,9.55304145812988
160198.41,599.745386744803,321.751213722982,9.12843704223632
160230.63,616.595585772888,336.557960771519,8.15706253051757
160262.22,635.28913742828,377.699315323237,5.96297264099121
160302.37,668.087171123705,437.390506080147,5.30937194824218
160328.48,679.851149485466,500.100402040395,7.31311798095703
160359.75,683.002774717957,548.947588647896,7.79671669006347
160389.33,679.764126496585,570.55113667623,8.62833023071289
160457.71,666.547629804775,551.072986090004,9.07656669616699
160472.24,632.746259193283,508.520653589137,9.22602653503418
160491.6,615.81960322046,454.786342544139,9.34996604919433
160519.54,614.496093811787,408.186289430179,9.46008682250976
160550.05,628.466907477926,371.589202998082,9.52526092529296
160602.07,650.144343195332,348.335508341836,9.76550102233886
160632.25,673.655825751159,334.011953897261,9.55289840698242
160668.26,695.07883357784,325.649679288065,9.6368408203125
160694.94,706.751838132444,323.213342571613,9.58949089050293
160726.15,712.682184563132,322.944325657009,9.66267585754394
160758.64,715.98096608946,321.873109462101,9.52157020568847
160794.18,722.21892202202,320.803183093068,9.98668670654296
160859.25,726.003354803958,319.000153989446,9.72670555114746
160873.7,730.213428308675,314.927644026678,9.81399536132812
160888.33,739.636373714593,309.995547755063,10.4059410095214
160919.15,753.966182752049,305.4034221961,10.3963279724121
160953.28,766.165348033189,300.430423471565,10.1646995544433
161003.72,782.393764321552,297.559586492427,10.0585269927978
161032.61,799.708112972081,297.222929930507,10.447883605957
161063.84,815.525679672976,297.815976397067,10.5494785308837
161101.17,829.832392378319,294.494785304575,9.95676040649414
161133.71,848.635781043941,291.381874807509,10.4488849639892
161160.65,864.915738910445,288.532645374579,10.4512882232666
161194.11,878.565753320295,285.099050168417,10.3843402862548
161254.33,886.775920711867,279.808068974722,10.5453872680664
161267.55,890.828996394728,277.01578085819,10.8052253723144
161292.28,889.855101548307,275.588606698119,10.5622100830078
161319.51,892.27975349978,274.428257227935,10.5873298645019
161355.31,898.298234170873,273.560580030861,10.7907485961914
161399.09,905.046818511729,275.874084464829,10.6394863128662
161435.4,911.280411798201,281.055981239077,10.6775665283203
161468.71,919.071034725772,281.739007234971,10.5885887145996
161494.83,937.506742813134,280.51330702982,10.5270195007324
161525.74,960.030448363922,278.378841215886,10.6240653991699
161558.38,980.806373723672,275.281803964142,10.8405876159667
161590.98,1005.63407415263,271.586652406222,10.7917499542236
161661.17,1028.47201050287,270.352972452317,10.5241584777832
161676.23,1036.89110738515,269.19036510147,10.6959629058837
161693.29,1037.96672034551,269.425990463779,10.7850837707519
161719.27,1038.34372888073,268.830894872852,10.6248664855957
161749.58,1032.87820755362,268.473029552208,10.7783889770507
161803.89,1028.02180653925,267.664935523835,10.4618167877197
161829.68,1023.82794939146,268.685924382498,10.8574104309082
161867.69,1019.6529346432,269.450815063336,10.8118915557861
161893.46,1016.53330652927,271.692923392352,10.847053527832
161925.57,1016.26879645757,272.071493718805,10.7946109771728
161963.97,1019.96242770656,273.393397122237,10.7218837738037
161988.94,1024.3560406022,273.469000933308,10.6167411804199
162054.38,1030.11033180994,273.323796555075,10.7839107513427
162069.14,1035.37343626032,272.938419003498,10.6658363342285
162088.79,1038.86160702421,271.769229280051,10.8346652984619
162123.67,1037.8308387128,269.577612823544,10.8390140533447
162151.03,1037.79440897268,266.961787607812,10.7429409027099
162200.11,1037.11195423113,264.142708940794,10.7821369171142
162230.76,1034.44518156057,261.867160561682,10.5787754058837
162262.31,1030.69569361859,260.793230309618,10.4395008087158
162299.51,983.598480513334,266.620573603842,10.1595497131347
162327.36,883.29269865527,278.415568524399,11.6825866699218
162359.31,750.079862473235,292.117765641853,12.3089504241943
162395.42,604.682859893666,304.280770200609,12.0415306091308
162457.95,458.027935046439,315.419560068008,12.2830295562744
162471.75,359.551920165728,318.949181553609,12.2355365753173
162489.65,315.134781993039,317.115785182323,12.4220752716064
162518.07,306.234467862535,313.400314538727,12.4081707000732
162550.22,311.926558757505,309.924174505683,12.489366531372
162597.92,323.02136268409,308.700190596019,12.4066829681396
162638.08,329.844748614838,309.721880200205,12.3710918426513
162665.43,336.099775331706,311.238807070268,12.2368240356445
162694.72,339.210142752794,313.094430720908,12.1596908569335
162725.1,342.010320566677,315.890423897639,12.2927570343017
162762.15,344.517434710675,319.096154871771,12.1116256713867
162794.67,349.670312106912,322.294915419532,12.1601772308349
162855.83,355.24961832786,324.649647922705,11.9570732116699
162870.27,365.608014174534,327.397340172635,12.1126842498779
162889.68,378.76483349587,331.144706320452,12.2742462158203
162918.24,389.585971239848,334.305180844272,11.7553997039794
162954.1,397.929802031059,337.18359250118,11.7898178100585
162999.94,403.208830220771,340.053798346634,11.6591262817382
163031.95,404.512172795629,342.214894082032,11.8441200256347
163062.97,400.069776408667,343.49066718515,11.6312313079833
163097.45,397.341123678464,344.855340725754,12.0237350463867
163127.84,395.93693672101,345.234850759695,12.0076847076416
163156.87,395.436017247631,345.469789408397,11.8989658355712
163189.85,396.300775823586,345.620522787638,12.1258449554443
163257.52,396.835220015091,342.006993798067,12.090368270874
163271.72,395.893071501418,335.785582774034,12.0937442779541
163291.88,393.527840777357,331.125602423156,11.9520950317382
163316.87,388.95973467013,325.699463925692,11.4918708801269
163353.89,383.931272072819,323.350238789091,11.9490909576416
163399,381.874579285292,326.842817422262,11.4729022979736
163430.23,383.10773142403,330.93923695567,11.4249801635742
163466.66,388.44819595456,333.456774532917,11.6592693328857
163496.57,397.878478338875,337.022794053212,11.4096736907958
163524.96,405.979078146996,336.792711074571,11.3064765930175
163561.8,414.578156565578,333.700104776084,11.7913627624511
163590,420.522175544507,331.79291386552,11.2962055206298
163654.83,423.655579512945,331.493319703512,11.0402011871337
163668.11,426.248726434679,331.523486065832,11.0657787322998
163688.92,433.170616362511,331.983154174004,11.410903930664
163718.13,442.911010423551,335.956443782338,11.1653995513916
163753.66,452.196497839951,341.89213590612,11.1183357238769
163800.93,460.102025898117,343.9817361071,10.7901763916015
163829.52,466.374458938917,344.52223379907,11.2610721588134
163865.86,468.346828909679,348.143395743952,11.1433982849121
163896.34,467.977509525509,350.011142600163,11.0981369018554
163925.13,468.886292005232,351.212771615586,11.1553001403808
163963.11,473.991000527311,354.946075504782,10.4621887207031
163988.95,481.875533673232,357.558928455549,10.5416107177734
164054.97,494.141676576476,357.296298932501,10.7923221588134
164067.19,504.124104463629,356.153718282558,10.5825233459472
164087.41,513.329669500959,354.42418111908,10.5953693389892
164122.31,518.972592172144,350.973950886181,10.0823307037353
164150.79,520.235215257692,351.055414866278,10.154914855957
164203.14,515.912782658755,352.763067103507,10.2010345458984
164230.57,510.977512568601,354.395869726983,10.1558303833007
164261.87,503.574331343944,357.569513058654,10.0167274475097
164297.86,497.061028203841,377.803350805237,8.72025489807128
164329.06,503.05193640443,418.292566732005,7.19824790954589
164358.08,504.435147942363,469.970648991719,6.79630279541015
164391.19,499.590442281748,520.879417440029,8.23408126831054
164457.83,497.584293159456,562.257999540149,8.75555992126464
164473.3,493.291702767719,577.99546334593,9.44440841674804
164488.97,472.638589659622,564.216839530035,9.20545578002929
164520.42,459.989322169923,530.12970731289,9.89579200744628
164548.75,456.957245339552,491.716377312359,10.096263885498
164601.84,455.569144713674,457.608606506445,10.1935672760009
164633.95,457.970306608269,431.286762159826,10.196943283081
164662.79,467.372945791725,411.404807827302,10.240888595581
164694.86,477.94644951373,399.174466881378,10.1198101043701
164728.05,484.574213505492,390.196321366937,9.9393081665039
164759.22,489.185385999189,384.685272018188,10.3865146636962
164792.9,490.678901785423,380.708752698256,10.5683612823486
164856.45,491.581080825041,377.940747573702,10.4858779907226
164871.52,490.957463796033,374.781037657906,10.4179573059082
164887.89,493.39910216949,374.133638361746,10.3280639648437
164922.43,496.118594809685,372.675966888782,9.88503456115722
164953.98,498.73437319512,370.909813691419,10.0693416595458
164999.34,501.987087920794,369.590262112604,10.2425193786621
165034.4,504.484273339995,369.702123824494,10.207872390747
165063.55,506.825131435513,367.476281609259,10.2341651916503
165092.19,511.60521989284,364.84077240231,10.1967144012451
165132.34,517.011082649208,362.630015074723,10.3318405151367
165157.83,528.545269769146,361.065688992138,9.58866119384765
165189.79,541.885504014261,358.703671664667,9.98368263244628
165255.49,557.248144611943,358.299477081154,9.9634838104248
165269.76,572.290259254243,359.074706671728,9.83499526977539
165289.39,586.012506915831,358.993044351472,9.6855354309082
165320.19,589.979032276708,358.409711534338,9.64282035827636
165349.67,590.552564449638,358.238937034981,9.80034828186035
165404.22,588.51190686221,357.312814613351,9.79179382324218
165430.3,583.380656015809,356.87721312781,9.85035896301269
165466.26,577.72282147028,358.527365708887,10.0324058532714
165496.46,576.185299626672,359.638642792222,9.51859474182128
165531.14,577.596699195636,359.786301036693,9.57635879516601
165561.5,586.136756049636,358.502145879204,9.93687629699707
165591.65,602.117337641612,355.525387550283,10.0121212005615
165658,623.019552937597,352.287926099522,9.60456848144531
165675.15,643.212379397429,348.921413423947,9.74109649658203
165692.63,663.59591659491,347.627317708315,9.61146354675293
165718.78,678.605325116461,347.723557051449,9.72295761108398
165754.82,688.552428326659,346.18832555507,9.99830245971679
165803.09,693.418580142746,344.803870448265,9.9872875213623
165829.73,700.763909870192,343.642735306014,9.73042488098144
165866.3,708.904751965418,341.130160062643,9.38026428222656
165894.98,722.464247517175,338.65388127574,9.37577247619628
165925.91,738.706953336197,336.042701471451,10.1393508911132
165964.62,758.248615020111,331.718709649405,10.4718875885009
165991.01,772.909989535838,328.479168647795,10.3310680389404
166054.22,785.660703507228,326.418075205723,9.93189811706543
166089.84,790.081261689994,324.289324442141,10.284719467163
166104.74,789.542830815218,325.580538391563,10.4245090484619
166123.51,784.834373178827,326.410058028529,10.5401229858398
166149.69,780.041010141381,328.212936944747,10.2915573120117
166198.22,773.199460384276,330.414123828865,10.1592350006103
166234.37,768.470668735248,332.968744431186,9.93470191955566
166264.14,764.902895906506,334.324377313315,9.87213134765625
166296.32,764.518384811715,335.982652043144,10.3107833862304
166328.43,763.057877109821,335.209849773487,9.99014854431152
166358.63,760.706750343857,332.465759713236,10.110969543457
166391.02,756.495602584018,330.191973001161,9.87459182739257
166457.76,758.640308781308,328.201178553454,10.1366329193115
166487.98,764.421481027895,327.039000300375,10.4340362548828
166504.4,775.154234079464,326.26776180007,10.3192234039306
166522.11,787.888714621301,325.491632603859,10.5004405975341
166550.25,800.513658666337,324.039850839922,10.4396438598632
166584.03,806.451627414735,322.686734203726,10.1694774627685
166636.37,807.088566286097,321.392304183044,10.1395225524902
166662.68,803.951858795944,320.434321639822,10.1876735687255
166695.7,804.171666157985,319.666490520825,10.2908420562744
166730.09,808.1223429873,318.8692439187,10.2549362182617
166759.43,814.182066858562,318.358694280016,10.1741981506347
166793.14,825.138512368846,318.47450707876,10.1808929443359
166854.63,840.106455358824,318.461673933768,10.3022289276123
166889.3,851.758299136438,320.373264089182,10.3262901306152
166903.47,859.034465342123,322.56131172936,10.2914428710937
166918.94,864.012202283108,325.073707695895,9.98167991638183
166958.23,871.501865655257,328.524304174669,9.99126434326171
166984.74,879.70295526473,332.258372768254,10.1491355895996
167031.37,892.369994856877,333.996664131156,10.1687049865722
167061.39,912.55632965638,335.593118294261,10.1908206939697
167098.46,934.380253665359,335.889675960955,10.2098751068115
167131.39,953.815535043072,335.090580331862,10.0637626647949
167159.83,970.043920269847,333.944014492408,10.138521194458
167196.05,981.318985181643,333.024619591202,10.2331066131591
167256.75,983.679095181086,332.029745324777,10.3248310089111
167289.72,985.205235066225,331.182098826485,9.97821807861328
167303.45,980.753599176659,330.201447306248,9.87141609191894
167322.04,978.932113338176,328.936778655883,9.85857009887695
167354.1,979.990641852499,327.240238760637,9.9795913696289
167382.4,986.343807369809,324.899215046488,10.1761436462402
167431.8,991.131572773701,323.418497421466,10.1982879638671
167464.88,999.436452906884,322.008830480157,10.0701427459716
167497.33,1005.62540136696,322.516092681031,10.1843547821044
167528.29,1006.66086900698,323.793942235618,10.3366470336914
167556.24,1006.98676701801,326.082950582596,10.2107906341552
167595.84,1011.02411581761,327.009014997534,10.1345157623291
167658.24,1017.38686617167,330.732518366782,9.9286937713623
167688.97,1023.23758521149,335.80580999643,9.42564010620117
167706,1032.5377703132,341.896677152562,9.35099601745605
167719.84,1039.10443357279,360.488003933035,8.21371078491211
167750.04,1046.16659349897,390.800647122771,7.72479057312011
167783.44,1054.07970756959,423.854268393418,7.85900115966796
167830.84,1064.32582474516,454.440781323052,7.70939826965332
167861.67,1072.74987760328,484.012664511444,7.93590545654296
167896.69,1085.82129698138,510.230135528503,5.80693244934082
167927.31,1073.01293407829,540.384918775495,0.443086624145507
167959.8,1034.09027169632,572.872765364612,0.173206329345703
167990.97,994.945143061288,607.497123854438,1.19831085205078
168060.47,974.442200380965,628.588447128256,6.34308815002441
168089.47,962.097073609868,624.518258898601,7.07802772521972
168102.93,979.070112397271,596.957219861713,7.16946601867675
168124.19,1021.24253816335,556.666600886855,7.79099464416503
168149.84,1061.01803125862,506.729863291427,7.94042587280273
168188.05,1060.24821032871,465.624526317857,7.98545837402343
168233.98,983.229189557853,439.954175608423,8.30669403076171
168263.18,846.235104305455,420.823875455419,9.60888862609863
168296.64,680.380648265454,404.671402437756,10.1044464111328
168328.69,508.993287879368,390.517677914826,10.1941108703613
168359.08,358.825192698302,379.28247598905,10.5469608306884
168391.09,277.868008459271,367.181959301152,10.3309535980224
168463.22,256.430605242368,356.331889478581,10.8648777008056
168488.48,266.679615855752,350.133689112567,10.8318901062011
168502.77,286.016064103923,347.990539068648,10.726146697998
168520.11,307.718601613463,347.074851236771,10.825138092041
168549.82,328.148667711626,346.73429915473,10.9144592285156
168587.13,339.405613793714,346.45336493204,10.7371044158935
168636.38,344.229322618015,347.277556282634,10.7473468780517
168662.32,344.90102017856,348.409071103884,10.7947540283203
168701.09,344.441670289931,350.239937281418,10.8349227905273
168729.79,342.620980876089,352.361160406762,11.1286926269531
168758.91,343.311826686272,355.23457777562,10.7770442962646
168791.51,347.379765428774,355.852466705337,10.6151676177978
168858.22,352.282949191356,358.09890921445,10.9152317047119
168890.3,361.737069037823,359.300972210078,11.1327838897705
168905.01,371.4072646164,360.469042432285,11.030044555664
168921.41,380.881207963599,364.866059916519,11.0713005065917
168956.9,385.263309122856,370.487583734368,10.8877658843994
168983.23,388.488614852672,374.278232805682,10.883674621582
169031.19,388.678780450887,376.950864481658,10.8966064453125
169067.06,386.731415448495,378.705244855736,11.1224555969238
169096.32,385.79017963786,376.74457094406,10.9424972534179
169132.58,388.226625955985,371.47188317431,10.9284782409667
169157.97,392.263784529896,368.284701539266,10.9079647064208
169189.05,401.693981250125,367.73340174363,10.2917861938476
169221.85,415.603147787829,368.262825024784,10.627269744873
169294.02,430.75235488784,369.356598579291,10.7021713256835
169310.21,445.584272966329,370.883019055177,10.8517742156982
169324.76,459.227958860725,373.00130551706,9.98428344726562
169353.42,468.221399489532,373.899729110538,10.8444213867187
169385.11,473.137725987273,376.431439658878,11.2694835662841
169431.39,484.956979275821,377.001753541159,10.2214908599853
169467.24,502.910303727797,375.110358173197,9.10574913024902
169494.55,532.224816976654,371.338649106549,9.25025939941406
169530.58,565.422429921841,368.145757849172,9.51590538024902
169558.04,596.71998376037,363.233758145216,9.58471298217773
169590.72,616.612717388056,359.874802182278,9.68396186828613
169655.95,630.052223307175,359.326720108203,9.32753562927246
169686.97,630.405471322138,360.22521274657,9.2673110961914
169700.91,624.663696139744,361.452267379735,9.58136558532714
169718.83,624.09097232825,362.977258786628,9.57818984985351
169752.85,630.273143660375,363.352297935562,9.65060234069824
169783.75,640.348571027389,363.112417169875,9.92732048034668
169830.96,653.542828332777,362.397679325468,9.68404769897461
169864.48,668.089050390511,362.543713948192,9.36870574951171
169893.81,677.22256517256,362.638160871058,9.38904762268066
169926.52,685.834561465965,362.797912038582,9.94274139404296
169958.23,690.669930173781,363.730818697469,9.76538658142089
169995.25,692.362652136123,365.30058435078,9.68908309936523
170054.27,692.796763840132,365.093258035949,9.60396766662597
170090.53,693.853206728843,363.343070867792,9.9422550201416
170105.13,690.528934597706,363.076552107918,9.86191749572753
170123.79,685.968334946957,362.196956450781,9.93118286132812
170150.39,682.658393097952,361.363258321564,9.54016685485839
170186.86,679.478899335909,361.537780157998,9.70736503601074
170231.26,676.287095835025,362.763428042255,9.76667404174804
170262.78,675.214232468089,362.774043832401,9.76344108581543
170298.57,674.57356656883,362.739191059688,9.82020378112793
170325.75,675.306391265679,362.725026907511,9.70387458801269
170363.53,681.071293622796,361.783049207303,9.42380905151367
170392.04,690.844544574428,360.866354013419,9.71105575561523
170456.75,699.163583929931,361.086328929759,10.0456237792968
170489.48,709.122154889233,361.592682429098,9.57575798034668
170507.22,718.543502895177,360.654199382035,9.74195480346679
170523.45,723.095635542141,360.55085825592,9.55716133117675
170552.22,726.638113470778,361.244468489228,9.53704833984375
170583.34,727.845713461903,362.521888993497,9.65909957885742
170636.57,727.015529479452,364.386409858912,9.99072074890136
170663.59,724.241882085896,366.935550311936,9.79308128356933
170699.54,722.025294533321,368.45710265186,9.73199844360351
170726.05,719.081844640978,369.230556180575,9.84108924865722
170759.23,718.156386914795,369.27052489855,9.77728843688964
170796.69,716.129797137584,368.952861294896,9.86320495605468
170860.82,718.218598753259,367.424844413965,9.64133262634277
170887.86,723.404730957728,366.317300938042,9.73646163940429
170902.88,730.195228840781,365.021860383306,9.79548454284668
170919.09,740.994438909609,364.325721504379,9.85536575317382
170956.09,752.113168592678,363.517708194516,9.82515335083007
170982.78,760.141917029501,363.163863735655,10.0049114227294
171030.9,764.969245646095,362.709717949367,9.88251686096191
171064.81,766.790301928977,363.11652184575,9.70175743103027
171093.5,776.372782927827,363.239134428139,9.78052139282226
171129.96,795.113588714177,363.709492165011,10.1541423797607
171161.77,819.295479821111,365.196198826876,9.94374275207519
171193.03,845.667622547051,366.266900018052,9.92926597595214
171255.96,868.617811434317,366.09984626931,10.1007556915283
171293.51,877.897185619711,364.927638150076,10.0199031829833
171308.89,877.903291881348,363.099870019901,9.64734077453613
171326.16,872.94558593576,362.086767425684,9.71111297607421
171350.6,867.924123824259,360.849214510821,9.62991714477539
171385.26,868.752908248729,359.888900789724,9.58971977233886
171434.18,872.294007024568,360.100538541975,9.8129653930664
171467.17,872.672225843328,358.016229268705,9.79379653930664
171494.4,872.590378032728,354.611896290164,9.75817680358886
171531.79,875.024850524237,353.234096722319,9.23955917358398
171560.58,886.01904936414,352.187329414448,9.73929405212402
171590.38,903.907251951483,351.921695201505,9.6730899810791
171659.44,923.420695243422,355.843392089341,9.99009132385253
171689.18,944.664973390264,359.198194046943,9.90680694580078
171705.6,958.819608998763,360.958341931503,10.0588703155517
171722.14,963.31534615728,361.946467507754,9.92434501647949
171754.88,959.249450611904,361.77659175261,9.97607231140136
171786.7,959.423637748726,358.919764847731,9.98700141906738
171831.36,965.487464840428,357.58975773188,9.99629974365234
171862.55,974.607426148342,356.723883362312,10.0918006896972
171898.07,983.28987990808,356.646763382793,10.1115989685058
171927.59,991.210980039285,356.401902759859,10.2300453186035
171963.98,995.770507920303,357.703042161084,9.96500015258789
171991.89,998.413895488298,357.896667463094,10.0037097930908
172057.74,1003.21889580548,356.221947110624,10.1653003692626
172088.52,1008.12829626279,353.986117423406,10.0897979736328
172104.44,1014.11410788537,351.808292518111,10.0838184356689
172126.57,1018.60735720238,349.544137653337,10.0036811828613
172155.83,1016.28064249714,347.277790374336,10.0893402099609
172183.76,1010.59484188283,346.546535741639,10.1172637939453
172232.46,1004.46374690411,346.714693886296,10.1025009155273
172266.35,1001.7148760914,347.389439186629,9.97604370117187
172298.05,1001.12553497609,348.244518645145,9.89270210266113
172326.54,1004.43383725734,349.033216591692,9.87547874450683
172361.32,1010.48107320496,349.693601039971,9.85496520996093
172394.26,1017.01251398138,349.440650276628,9.96468544006347
172458.28,1019.33477137717,349.419871646768,9.81176376342773
172487.36,1021.95694889451,348.384831051682,9.90274429321289
172503.93,1025.71606698702,346.909058261318,9.85745429992675
172522.3,1028.78931722849,346.374022999329,9.84203338623046
172550.48,1020.27613574455,347.058749962088,9.85630989074707
172583.8,962.708974885108,350.382331198007,9.31597709655761
172638.14,851.290002191982,355.721971665803,11.0469532012939
172663.2,707.824388764436,361.04086668745,11.317434310913
172694.47,550.670400675478,364.98157483054,11.4958190917968
172730.61,406.318963056435,368.27890484099,11.3801765441894
172759.71,316.978374316378,368.788061277698,11.180248260498
172793.37,286.47861664963,367.820340065965,11.4111042022705
172826.79,287.020355574792,366.080047282139,11.6225624084472
172887.86,301.802484843396,365.38890605106,11.6157817840576
172904.14,313.959003727293,365.383938508571,11.5797901153564
172921.52,321.944512250663,366.145399049233,11.4785099029541
172953.69,325.668901654489,368.739820936018,11.5395355224609
172981.14,332.142439560433,372.549246345235,11.2119483947753
173034.36,332.772558757079,379.117817196191,10.7385635375976
173062.27,334.290805724268,387.756719566848,10.6735610961914
173098.65,334.042445517106,403.060673876107,9.80970382690429
173131.02,346.148152971609,435.710004140259,8.63822937011718
173158.26,358.235691802801,480.612841219077,7.47053146362304
173194.89,374.604512970567,526.266636626777,6.79015159606933
173259.76,383.457426435173,565.552371432507,9.46766853332519
173292.49,388.179339525502,592.030301546226,9.54952239990234
173307.92,379.96925173434,595.590339098088,9.58828926086425
173321.95,368.036167812276,583.055306570548,9.96534347534179
173354.76,354.661016750287,562.297372131282,9.77680206298828
173383.19,352.409858496797,536.660009356346,9.93332862854003
173434.37,357.563168303941,511.051603540752,10.1033020019531
173465.63,364.375807602199,485.964796962412,10.9547138214111
173492.85,370.73973025455,461.714345296608,10.7018280029296
173530.81,378.935251895285,441.398383125184,10.6560516357421
173560.1,384.528708826579,429.694973263929,10.735387802124
173595.37,388.74031130814,423.478083968485,10.8924293518066
173656.34,393.094679531699,420.223895617661,10.901927947998
173692.13,409.501083671803,419.090774873056,10.2629470825195
173712.81,432.761191250214,417.940258885566,10.1225852966308
173730.12,461.27129206448,416.32235244037,9.91890907287597
173750.56,492.954616778943,413.013023548007,10.1615238189697
173790.89,523.035696263898,408.719379041427,9.58691596984863
173834.74,540.248878809619,405.485912123353,9.68284606933593
173863.49,548.239437012252,403.097654642147,9.6617317199707
173899.85,546.547257379713,402.065081164198,10.0177001953125
173928.13,540.181636357654,402.549159192148,9.8151683807373
173961.78,535.13992438619,404.420552758873,9.99303817749023
173994.38,530.241377481463,406.391219856913,9.97195243835449
174056.55,525.58490617476,408.189117235612,10.2479553222656
174088.69,524.711582892686,409.333575681918,10.1362037658691
174106.71,525.440438648631,410.334994314068,9.87204551696777
174126.48,526.188332943594,410.945806189306,9.86915588378906
174154.05,530.449384542402,410.34088171707,9.97982025146484
174182.83,536.003846035337,408.438219679959,9.6540355682373
174234.9,541.719617669742,406.028466073242,9.69114303588867
174264.89,546.438353892105,403.304242281708,9.91344451904296
174297.29,551.865874570534,400.795976362244,9.26141738891601
174331.23,558.712433147297,398.397330380502,9.25764083862304
174358.77,565.22376769678,398.072682917035,9.24536705017089
174390.26,573.079505046021,397.386380920127,9.31099891662597
174460.45,580.6861757447,397.770750134151,9.39917564392089
174487.89,585.495426931468,398.052613419132,9.43699836730957
174503.35,584.686907826915,397.862208359838,9.3013858795166
174519,583.679411398138,396.004479700532,9.29391860961914
174555.17,582.46955003675,394.647999096558,9.09476280212402
174584.8,585.238542564595,392.424775833672,9.32181358337402
174638.8,593.068256545178,389.662042470525,9.41001892089843
174663.96,603.25687895721,388.211565917862,9.00638580322265
174695.41,615.418675447824,387.856086740632,9.22290802001953
174728.67,625.205082013521,387.141671331157,9.27824020385742
174761.96,633.82239669483,386.532764227143,9.29134368896484
174793.63,640.131808794325,387.13766288573,9.4445514678955
174857.4,643.808294081958,387.405438429067,9.365816116333
174888.07,644.251887464603,387.906751926353,9.57118034362793
174903.62,643.751789248105,389.59270108146,9.32338714599609
174920.36,642.568649755747,390.878190344286,9.34621810913086
174954.61,643.602453055634,391.499962974804,9.24551010131836
174987.94,649.07963504934,391.650592979835,9.42778587341308
175031.15,656.914564072709,390.296405221804,9.60336685180664
175068.35,666.277853374968,389.180393680479,9.59000587463378
175097.32,675.038931848298,388.417515542461,9.47776794433593
175129.55,679.001986350212,388.161688276271,9.44930076599121
175159.77,680.555272309524,388.030443597842,9.40724372863769
175193.97,680.494454842657,388.608079566125,9.41971778869628
175259.92,686.217653222754,388.826273565426,9.32996749877929
175291.25,694.890936563863,389.421248825948,9.38017845153808
175308.41,706.32237902162,389.609498480759,9.50357437133789
175323.93,716.005167056127,390.031169651069,9.56245422363281
175355.69,725.649333660148,390.166293066336,9.53444480895996
175383.8,729.852648151542,390.440315924931,9.4863224029541
175436.84,730.684834791323,390.720362690133,9.52122688293457
175467.4,728.43305493238,391.032261136147,9.48812484741211
175493.93,726.702167346824,391.495550306717,9.42738533020019
175531.89,724.49393731388,391.900159732296,9.54268455505371
175559.65,719.97533355506,391.560068699731,9.45055961608886
175592.68,715.577386508325,390.567506391578,9.41625595092773
175656.67,711.987185961173,389.50989941445,9.62525367736816
175688.68,709.76318631922,388.575639431142,9.44397926330566
175720.12,707.481676255336,388.11350237282,9.69803810119628
175737.28,707.534480818062,388.012453481484,9.57215309143066
175753.8,706.305606951291,388.450582306352,9.50257301330566
175789.21,705.821412704313,389.180046342554,9.5936107635498
175829.21,706.579889956661,390.080332119836,9.5855712890625
175866.24,706.806853047841,390.839485433008,9.39465522766113
175893.73,706.35978428727,391.177471785045,9.47665214538574
175924.98,714.764040055057,390.777759047433,9.66485023498535
175964.38,725.617169239924,390.85054385224,9.4566535949707
175992.55,738.11408071636,389.810850537772,9.60551261901855
176060.3,752.956891272187,388.267030832934,9.40449714660644
176091.57,766.429514757467,387.391960617519,9.41834449768066
176127.12,773.693742346053,386.949933046725,9.41222190856933
176143.52,777.970516575093,384.256419652578,9.51610565185546
176160.13,778.60244220809,383.869920275837,9.3867015838623
176183.28,782.909053786235,384.593714861705,9.43765640258789
176215.88,793.473961792291,384.684289255476,9.4207763671875
176266.21,805.980142736529,384.815063388114,9.68742370605468
176298.62,817.859092776634,387.566842526704,9.65892791748046
176327.96,829.109722783412,388.968716770019,9.53679084777832
176362.95,837.678727953388,389.279621952978,9.56680297851562
176391.78,842.436520160325,389.368486167416,9.51756477355957
176460.72,856.794165447499,389.627932913013,9.79170799255371
176486.25,875.793625277556,388.050092178885,9.58305358886718
176519.48,898.545554120764,385.710265297027,9.57690238952636
176535.81,923.21049631038,383.561748515775,9.65131759643554
176552.07,948.60823840662,381.717066868172,9.53327178955078
176581.58,959.993899644101,379.633914591498,9.65503692626953
176619.21,968.491645378401,378.582258953935,9.61598396301269
176665.17,972.558265090633,378.628791115578,9.66879844665527
176695.09,969.756133835225,379.025308366714,9.56202507019043
176731.64,966.712260664636,379.851701806466,9.8353099822998
176758.21,964.682059686822,380.655613350775,9.65529441833496
176800.26,960.49229684469,381.545750326962,9.67801094055175
176856.5,960.166382571979,381.71764560729,9.73803520202636
176888.51,963.935135858772,381.120964673721,9.57449913024902
176922.75,964.284675515682,380.473260444091,9.70830917358398
176937.78,963.47888949816,380.143929390398,9.67738151550293
176958.01,961.506437466382,380.180849372953,9.73362922668457
176982.64,958.711580143438,381.298347716298,9.57555770874023
177017.5,956.296946738604,382.498130000811,9.89273071289062
177063.72,955.250539343448,387.804432799015,9.65123176574707
177099.99,955.246441736796,395.312821529748,9.44146156311035
177130.02,960.175836735251,399.722316160385,9.47916984558105
177158.06,960.712657177144,401.603651692998,9.6467113494873
177197.06,958.409972671161,402.778026854425,9.53936576843261
177255.24,955.488123287962,398.348748046677,9.49493408203125
177294.15,951.970000330518,392.138078666119,9.48812484741211
177319.66,945.800290853062,388.955789343442,9.49722290039062
177336.69,941.657758616836,388.066943484097,9.43648338317871
177354.13,940.964710346784,388.299314785827,9.45696830749511
177385.98,947.414514781218,388.848715457929,9.42987442016601
177413.9,957.101773657351,387.883658094685,9.5921516418457
177469.52,966.4172962974,385.84540450582,9.62462425231933
177495.65,974.444796523253,384.53801205659,9.56445693969726
177525.94,981.820484490567,384.834211192316,9.609375
177559.11,986.605939429204,385.955069631198,9.48077201843261
177596.53,986.856040109222,391.441905156226,9.69303131103515
177657.01,985.444846164807,396.366130286153,9.55676078796386
177688.48,983.956519442641,399.522748050154,9.39313888549804
177723.05,979.561044781398,400.957218259748,9.51902389526367
177737.79,970.431173436767,402.058104226982,9.59403991699218
177753.52,962.484550045583,398.290475160693,9.63892936706543
177786.54,953.288608203012,398.453874369655,9.38861846923828
177820.41,947.196959454124,402.244698577795,9.56239700317382
177864.45,948.14491395717,405.119470195625,9.39239501953125
177896.35,953.553278841304,406.837042556303,9.59587097167968
177929.5,960.542266102201,412.112500712413,9.613037109375
177962.91,972.511618992654,415.98215734459,9.31972503662109
177991.6,987.05507696407,413.818618159421,9.26216125488281
178055.85,992.706693728763,414.152689939977,9.28630828857421
178087.72,995.95774672876,416.559782314994,9.39116477966308
178126.29,998.833001371605,417.545005382912,9.26668167114257
178142.17,998.984233456012,417.167368978871,9.45874214172363
178157.85,998.210270816673,416.386232400186,9.41242218017578
178183.38,997.324225312609,412.554571475599,9.24044609069824
178221.71,997.394392130362,411.232340312585,9.52423095703125
178264.39,998.532572264885,410.301269513006,9.3841552734375
178302.1,999.481839392041,410.359189022065,9.56374168395996
178329.98,996.533073553924,410.941392774859,9.45459365844726
178360.69,991.711533452647,411.641972321216,9.25912857055664
178391.8,987.269019507068,411.741563081756,9.61964607238769
178459.91,984.409386530102,407.226122153606,9.33729171752929
178489,984.320069166829,400.435400609782,9.51218605041503
178520.75,987.284541396059,395.781498887243,9.74123954772949
178535.5,997.518711381497,392.660242180799,9.64611053466796
178551.91,1005.61823202369,387.268188328906,9.50729370117187
178583.56,988.903393172,392.587558817367,8.81495475769043
178622.04,918.643502444061,402.183148592307,9.2775821685791
178663.56,800.730494486335,415.800458606825,10.2341365814208
178696.21,660.436700765848,429.90010870678,10.7427406311035
178727.93,511.757008605777,442.638226504129,10.76096534729
178760.52,385.611378239317,446.800828820966,10.5350589752197
178793.44,310.492850452754,447.019875823021,10.7889175415039
178823.68,283.00523357798,444.17049558053,10.7805061340332
178888.67,289.794289254094,455.750575501107,9.12480354309082
178920.35,338.169427412328,488.140359316389,3.3984088897705
178935.72,404.978807241315,533.225192493939,3.25864791870117
178955.99,484.716303508848,587.144766348411,3.98789405822753
178983.59,539.53794398418,640.825902338921,5.91459274291992
179015.5,550.043740491494,672.746002974178,7.90163040161132
179064.98,508.748716193865,679.56002845557,8.58392715454101
179096.03,437.756545266646,668.008547970936,9.46183204650878
179133.56,350.998730825244,640.913410185121,9.43422317504882
179159.52,284.787842873453,608.622940535117,9.79376792907714
179190.88,252.616726014801,579.705369344291,9.66948509216308
179259.61,244.466068518161,553.482501868311,9.82561111450195
179291.23,252.960365436148,532.569026819329,9.88151550292968
179320.89,265.621645028714,517.569107499711,10.0126647949218
179336.9,283.829561882918,507.372022246029,9.75228309631347
179354.35,299.589548662131,501.324116642696,9.85158920288086
179384.22,311.951367334378,498.344210308461,9.744873046875
179415.97,318.867344277845,496.754110253811,9.69022750854492
179470.07,327.421135950347,491.852604153216,9.8041820526123
179495.88,331.847236462557,488.991847879677,9.8873233795166
179528.19,336.777315490844,486.870480245403,10.0602722167968
179559.79,342.070511953447,480.884095969941,10.2793979644775
179596.47,346.28931467807,473.372663673566,10.2265834808349
179626.77,347.825719514345,469.013108532592,10.2294158935546
179688.71,349.470146613878,463.382499549168,10.2331352233886
179721.78,351.40012587596,456.534887437172,10.275764465332
179738.45,352.582428469965,453.570530900382,10.4689407348632
179753.59,357.864922561435,452.726763363971,10.6332492828369
179788.41,365.48308653385,452.623579014718,10.6535339355468
179818.52,376.194246465834,451.897674933819,10.3827381134033
179865.99,385.085591344928,450.317147274806,10.8750915527343
179894.56,397.251357305889,447.655014505953,10.9098815917968
179931.78,409.845728582419,445.485487748565,10.5000400543212
179962.67,423.847397317252,444.689666437569,10.2559375762939
179991.35,436.391331631501,444.194910788478,10.6257247924804
180059,446.897423260102,443.186291763381,10.3898048400878
180087.97,455.263821164502,443.49867050824,10.165843963623
180121.52,458.947954238632,443.965723159169,10.519208908081
180138.51,460.244906023144,443.943677393843,10.5955410003662
180166.25,459.557298528158,443.316269420104,10.5787181854248
180185.28,461.441306225957,443.812938854326,10.2507591247558
180215.38,460.777348619651,443.84353226174,10.574254989624
180270.18,458.287133383215,442.753716239924,10.5450439453125
180300.9,454.634157895173,441.946479951804,10.3260326385498
180327.84,461.292209261765,441.110698652056,9.42209243774414
180357.8,474.939520170003,440.437691369305,9.36152458190918
180395.36,492.360560676572,439.900801107049,9.1750431060791
180459.93,511.868514356545,440.056735998427,9.60883140563964
180487.61,531.479537647573,440.237677488341,9.526948928833
180520.69,540.172285446228,441.511493878265,9.12139892578125
180535.7,539.902001927757,443.186575083135,9.42838668823242
180557.51,536.051436764031,444.284969387533,9.45178985595703
180584.98,533.282252892058,444.684616564664,9.01064872741699
180617.72,532.981662663359,444.364956180229,9.00712966918945
180669.05,533.998545482074,448.214750249213,9.09479141235351
180696.21,533.332054597088,450.236984522387,9.20064926147461
180726.23,532.957420621493,452.185653507766,8.91222953796386
180764.88,532.963529416863,457.237352227625,9.20700073242187
180796.08,529.510655317887,463.883598715815,9.11656379699707
180861.03,526.634399129414,466.861092889478,8.95643234252929
180889.44,525.881084037327,467.954859217776,9.2343521118164
180920.71,523.272248364202,466.594647148348,9.32991027832031
180935.58,519.68707854042,460.735110139307,9.21060562133789
180957.89,518.811174113446,457.030942459994,9.04068946838378
180987.31,518.102176114645,453.994642350905,8.97457122802734
181017.81,521.006066721924,451.707255508846,8.80190849304199
181068.3,524.381465131203,451.301954693053,8.89142990112304
181095.4,526.690263446606,452.582439683444,9.41225051879882
181128.71,531.112662793795,449.99976852109,9.15258407592773
181159.38,539.753322625328,449.204802008726,8.9681339263916
181196.5,550.46836617582,448.605346910167,8.7923526763916
181256.24,560.571383731558,448.534178533165,9.02275085449218
181294.31,571.579320301433,447.81681816534,9.08065795898437
181321.76,585.421071530927,446.926935401173,9.00424003601074
181337.66,598.106403884524,441.58197435408,9.12343025207519
181354.2,611.384795258463,438.646091654009,9.22459602355957
181383.13,628.440342263643,436.434247239818,9.18402671813964
181418.14,645.730922816368,434.414828692553,9.10346031188964
181465.91,654.43401183345,432.899705033933,9.07390594482421
181495.54,658.242613126023,436.698369374293,9.03943061828613
181532.27,667.106368998335,443.17371112,8.73058319091796
181560.71,686.713738885231,446.329370920863,8.98698806762695
181591.81,709.584937590366,451.968009977241,8.8681411743164
181660.1,737.471121480336,458.897753787945,8.89251708984375
181686.55,768.80031826351,457.958730210003,8.91071319580078
181719.08,789.9032987896,455.909481545221,9.02626991271972
181734.08,797.684340017991,458.086536974536,9.03459548950195
181754.99,808.903220229128,459.061281093624,8.93194198608398
181787.62,823.671766149945,459.99679665489,9.01514053344726
181816.13,839.25288605013,460.05467158116,8.97291183471679
181869.75,853.692728020189,455.228525584598,9.14737701416015
181896.1,867.59844425542,452.247272808701,9.15839195251464
181927.62,876.134373501184,450.664405997715,9.04506683349609
181962.22,879.430533257984,444.912541810078,8.94281387329101
181993.39,879.956615718139,446.737768337173,8.91194343566894
182057.83,890.897063430106,453.473707516719,8.69976997375488
182090,908.830172553614,458.695889917123,8.71624946594238
182121.9,927.399579897417,457.587745735117,8.65965843200683
182139.7,939.393378969474,457.330481360979,8.71129989624023
182154.2,951.179348900918,452.638874880373,8.74732017517089
182187.77,953.225151153174,450.544480310186,8.69922637939453
182216.6,952.249443638059,449.218971856382,8.66938591003418
182265.62,950.602703992863,453.90479188889,8.53843688964843
182299.07,954.435882368477,462.61382517378,8.29244613647461
182332.17,961.613633673573,474.416339756298,8.30148696899414
182361.22,972.706492893397,482.608303520793,7.86443710327148
182391.63,979.302126653751,488.244647942186,7.90889739990234
182462.5,985.184488943304,492.213456346321,7.80627250671386
182488.47,993.248765346307,495.617665310929,7.77783393859863
182518.43,994.168305730682,499.161875963407,7.21452713012695
182532.4,990.022690022793,503.222899373028,7.21023559570312
182553.16,980.957887846609,512.712049776223,6.0530948638916
182587.64,937.604570392963,536.28652515327,4.194917678833
182619.32,855.742336259955,563.311562502481,4.71304893493652
182668.82,741.345647563575,586.84399733471,7.68988609313964
182697.69,608.076046155064,603.805955868594,8.72214317321777
182729.28,469.410890390549,610.723778178587,9.04157638549804
182759.82,360.136868834327,597.885989826862,9.21558380126953
182797.21,289.261490866454,576.374555605903,9.16142463684082
182854.98,259.609637215311,548.772905478855,9.27125930786132
182891.55,252.997086172671,522.938259550775,9.25678253173828
182921.22,262.075639665794,499.698107899678,9.6609878540039
182936.63,274.725956583818,481.40132734231,9.52860832214355
182957.74,284.817251467091,467.073107595592,9.6423053741455
182986.92,293.018009743551,460.97989779782,9.55163955688476
183014.54,299.255205958586,459.242170079766,9.87130165100097
183063.71,302.380988251865,460.50440417344,9.50019836425781
183098.53,306.476470028813,461.802142054839,9.74593162536621
183128.68,311.191182491767,462.486016510767,9.90228652954101
183163.19,310.43068759874,463.451423137071,9.87281799316406
183194.01,311.61953609132,463.935920481297,9.9440860748291
183222.12,310.406138038379,464.091078419968,10.0914859771728
183291.92,327.851856332887,462.98261817454,9.26742553710937
183317.5,355.304370748341,461.917207710701,9.10140037536621
183332.95,391.713484041253,459.652128125288,8.99665832519531
183354.12,429.03126072501,457.401271860113,9.39611434936523
183384.21,466.131795180527,455.736791058922,9.42206382751464
183416.32,484.492564982992,456.204411839768,9.14288520812988
183465.86,491.361972836146,457.286857437528,9.69955444335937
183494.31,488.564798793612,459.3196525036,9.06586647033691
183529.95,482.290124756505,461.789797837317,9.13092613220214
183558.89,476.896802238671,463.887802480221,9.0084171295166
183592.16,478.407966130816,465.253884215839,8.47174644470214
183629.2,485.028630535458,471.281796005734,8.49569320678711
183692.54,499.610715564522,478.576629298316,8.49300384521484
183721.09,519.287378551186,486.436755497168,8.34016799926757
183737.2,542.196075436476,494.27023238485,8.2983112335205
183752.37,553.747488051269,502.399226972338,8.54724884033203
183785.69,560.746000190663,501.233344977064,8.6359691619873
183817.64,561.077706065566,500.49748831339,8.48799705505371
183863.91,558.373522205328,500.598463755447,8.35787773132324
183899.04,554.367455852832,501.204707824181,8.35747718811035
183928.89,555.174725030141,501.159006901927,8.4206485748291
183962.71,558.64591201359,504.448127883578,8.81521224975586
183993.59,569.508520424569,505.111958948836,8.64066123962402
184021.97,573.88312323342,504.350428710752,8.8044261932373
184091.38,576.611386779182,502.933474457397,8.4356689453125
184124.12,582.784698178466,501.425303215645,8.56770515441894
184143.51,587.248389210811,500.720887625086,8.56581687927246
184159.58,588.290340178555,500.007517070824,8.54776382446289
184184.45,600.286713467454,499.112741198884,8.72946739196777
184218.38,620.138742414094,499.060749382501,8.60615730285644
184264.36,636.780068700047,500.001361979073,8.63081932067871
184299.34,653.456770693908,500.536938589633,8.53669166564941
184329.69,673.531718227634,500.599268578607,8.57251167297363
184357.38,686.005587897336,500.842654338235,8.65462303161621
184391.89,683.911690798417,500.35585199136,8.64761352539062
184426.7,686.440744901809,499.335400501973,8.72483253479003
184487.89,693.616865823634,499.746983910467,8.49371910095214
184521.52,698.978364481423,501.56636974415,8.52210044860839
184537.24,707.437008800917,503.221560377888,8.48095893859863
184552.26,726.594129102977,503.944452464857,8.455810546875
184583.34,739.275735621856,503.055108805324,8.79741668701171
184621.29,747.500559646263,501.112318692267,8.58538627624511
184664.58,760.500118855993,500.66437574744,8.58441352844238
184700.05,776.247512617629,502.476527602404,8.6905288696289
184728.48,793.266717208519,503.764203676683,8.6993408203125
184759.92,806.557237407347,504.004942198167,8.78148078918457
184797.51,821.341809053213,501.035805371927,8.92559051513671
184826.31,839.793328564382,498.529013229312,8.74634742736816
184889.62,857.052228593787,495.883428238177,8.45051765441894
184919.58,869.802344688764,494.569376597146,8.72571945190429
184938.46,890.277279163348,495.803735522431,8.58776092529296
184957.44,908.583166228726,498.327744028983,8.57185363769531
184985.23,914.754221032949,497.053312042279,8.9703369140625
185015.39,922.422547260409,496.656419734958,8.53345870971679
185064.8,929.493824940828,499.041953057141,8.41775894165039
185096.35,932.628411072808,499.984405649419,8.54905128479003
185134.25,939.29341973083,499.534687899043,8.73433113098144
185161.66,948.283576524736,499.214557646945,8.51469039916992
185191.81,953.981978572508,497.72689572384,8.64114761352539
185227.9,960.335886680305,492.840708899658,8.28543663024902
185290,963.878651309976,488.54045479516,8.26154708862304
185321.24,965.239740791038,485.513584398242,8.67055892944336
185352.51,967.142816118548,484.19651367361,8.80591392517089
185369.65,966.118649504472,481.389664792495,8.8589859008789
185388.48,972.94623518919,478.23481027224,8.43770027160644
185420.19,984.767190932955,476.497340058648,8.45423698425293
185465.26,991.510713989087,480.0398462759,8.26798439025878
185501.86,997.284215914193,480.392057534061,8.70125770568847
185528.13,1005.80039420446,481.23781143827,8.530855178833
185559.35,1006.21018561981,484.356368167916,8.47211837768554
185596.22,1002.64124404582,485.632129916002,8.57502937316894
185628.5,1004.37085412309,487.108999899501,8.72609138488769
185688.32,1005.14367298769,484.458383381951,8.62924575805664
185722.89,1003.46490620602,477.699930970873,8.84365081787109
185750.82,1003.44660496625,469.402684408484,8.74013900756836
185765.59,1007.30856427972,463.097357367325,8.54287147521972
185784.2,1005.8244823036,454.204189002278,8.52370262145996
185819.47,1002.96227353247,450.856890913351,8.75896453857421
185848.67,1001.42589578059,453.357064102889,8.77238273620605
185894.95,1000.98036117631,460.484288290647,8.7465763092041
185930.75,998.576072452123,468.669675242914,8.72420310974121
185962.74,1000.82380973669,473.106874215935,8.2573127746582
185990.28,998.572050732993,481.611488417637,8.46050262451171
186027.39,1000.4372659706,487.272891773664,8.35664749145507
186092.49,1000.59269094826,488.166301836198,8.710298538208
186124.45,1001.87540504547,488.574274636818,8.56856346130371
186151.85,1001.82472479735,493.023548149958,8.32820892333984
186167.42,1006.08309922704,494.778814446541,8.32966804504394
186184.25,1001.09463110555,496.175599049224,8.39807510375976
186219.2,997.397309267577,496.163371066408,8.53806495666503
186249.09,990.79369817264,494.749799041136,8.50069999694824
186296.16,989.836442120068,492.724124535794,8.59837532043457
186330.89,989.669623529567,490.908294408844,8.48356246948242
186360.86,994.587807673273,489.851935628665,8.62781524658203
186394.45,991.664148896709,490.46649463094,8.68440628051757
186459.83,922.37212323194,493.370802815248,9.93341445922851
186486.93,804.794333725893,496.140453404349,10.039415359497
186522.63,663.769861775782,493.350650423095,10.1290798187255
186555.02,513.039159522293,486.299360867166,10.275764465332
186571.14,366.234265833844,481.737936284854,10.3649139404296
186587.93,290.821901674264,472.528028108455,10.2867221832275
186616.64,261.46279813751,461.445204646046,10.4071426391601
186651.24,258.436134603221,454.720399978945,10.7365322113037
186697.3,267.538951928449,451.708492817069,10.7442283630371
186728.35,279.674757322912,446.019130369443,10.587043762207
186762.82,290.111324273017,445.660324410969,10.3961277008056
186794.14,297.882957324654,455.840106442082,9.76401329040527
186822.21,308.292997640677,472.662027995962,9.9067211151123
186889.86,318.998709313117,493.26657094307,9.51539039611816
186920.19,328.446879779991,515.089872962173,9.46426391601562
186956.91,345.350149621296,529.816003867883,9.27371978759765
186974.07,365.472565646802,536.939776632622,9.33053970336914
186990.64,379.323475906469,534.363823699931,9.40052032470703
187014.57,390.486516963712,529.657694686256,9.54608917236328
187051.56,403.965010862362,524.626320241197,9.34450149536132
187097.38,408.149630099013,525.388442898086,9.31314468383789
187130.98,408.575512352269,525.393956184346,9.64290618896484
187163.5,420.998669125234,528.856189635355,8.66191864013671
187191.83,441.277221623692,529.960026743278,8.79458427429199
187222.47,462.281902359463,529.733501467384,8.78952026367187
187292.16,487.567537904822,528.206778710316,8.70434761047363
187319.99,511.741114393752,526.476704716534,8.87898445129394
187351.66,525.600832741637,521.202012891965,8.7106704711914
187365.76,528.915416261206,514.503935833429,9.0512466430664
187385.55,527.477290105935,506.447116174959,9.06229019165039
187414.24,530.803961722465,498.202180200789,8.73664855957031
187455.2,543.876429980793,489.849892723528,8.53431701660156
187499.28,557.683995934561,485.551329392027,8.63571166992187
187526.29,572.283759405683,487.229993815464,8.75407218933105
187559.78,590.875772254692,493.389153495035,8.66171836853027
187593.43,602.281660404931,500.8716843105,8.92167091369628
187626.3,602.088101810327,508.687843340752,8.89838218688964
187691.45,602.928084538281,512.25956678195,8.96727561950683
187718.88,605.046863331342,513.622388206731,8.82885932922363
187757.15,611.242740617323,513.579763729584,8.81134986877441
187772.72,619.818446413787,512.462097038197,8.9150333404541
187790.59,633.060820066851,511.29597495166,8.90204429626464
187816.21,644.828286448287,514.85699667509,8.90765190124511
187847.77,658.592343454229,516.424321457652,9.09745216369628
187898.91,661.236749609406,517.038878984974,9.16728973388671
187928.32,662.212736001539,517.160014726975,8.92169952392578
187965.06,658.185371116743,516.863842385803,9.14437294006347
187992.84,653.164443288168,516.237547783875,8.96638870239257
188023.76,645.496409397848,515.969669095296,8.95405769348144
188091.38,641.393515880973,515.678507318397,8.80288124084472
188123.49,634.692346513773,516.258288527117,8.82888793945312
188149.35,631.753809608023,517.123786997702,8.80087852478027
188166.92,628.450412890254,517.640878818945,8.86822700500488
188186.62,627.976435226075,518.504672719559,8.78571510314941
188216.81,636.511683636472,519.037833728222,8.74091148376464
188249.21,648.022510845039,518.87372791358,9.00057792663574
188306.2,662.804258311501,513.905926107067,8.86579513549804
188328.71,674.421931752969,510.333087991771,8.754243850708
188359.69,682.442485477998,507.732627528723,8.80642890930175
188396.22,683.619038628191,506.54458907627,8.79097938537597
188425.65,684.128578524884,506.262845764714,8.85912895202636
188493.15,680.785198251616,510.943553807829,8.83870124816894
188521.06,680.85491583415,514.278611595195,8.77641677856445
188550.89,686.845112719171,516.394041499297,8.87929916381836
188568.12,690.428637804796,517.233036505395,8.82645606994628
188587.78,693.998946255975,517.313431530223,8.85292053222656
188619.85,695.013650271792,516.454059345976,8.83638381958007
188648.12,696.279771496497,515.149120704345,8.95256996154785
188700.79,697.527947943382,513.320800880696,8.70002746582031
188729.98,703.434218723034,511.626469729209,8.80491256713867
188760.34,707.67878830714,510.365541616956,8.75578880310058
188793.74,716.620726748664,510.135693913131,8.79192352294921
188826.92,726.46269532089,510.045779204453,8.60549926757812
188888.41,735.816662944234,510.486116384803,8.65954399108886
188919.61,743.690578954395,510.877036249762,8.79612922668457
188959.68,749.490294903674,510.597603659795,8.80777359008789
188976.03,752.847900440975,510.137434508271,8.83358001708984
188991.1,751.450839569827,510.17312146575,8.74534606933593
189013.57,747.776690471575,510.314918061867,8.83595466613769
189050.38,752.20531091873,510.699481097968,8.59027862548828
189096.8,771.31306549143,511.328893133192,8.56038093566894
189133.92,799.423626056155,511.256569944683,8.87824058532714
189159.18,833.665890872919,510.392494321401,8.5912799835205
189192.64,867.212480533135,508.707173273587,8.81712913513183
189222.89,890.298835870454,506.171906654022,8.73616218566894
189292,899.68016772477,503.856000959709,8.88470649719238
189318.9,898.536144389784,504.930941486975,8.89002799987793
189356.4,894.189170631384,505.491926594157,8.98987770080566
189371.73,890.267677280475,505.982268597991,8.85257720947265
189389,888.506980147019,506.453382089484,9.00710105895996
189414.01,889.63086955556,507.641477456966,8.98404121398925
189449.06,894.210505102813,505.451432240773,8.87975692749023
189495.85,899.743357837228,503.873046086526,8.88267517089843
189528.7,904.754971966607,502.783931538593,8.97150993347168
189562.36,908.8975577133,502.202778520332,8.79504203796386
189593.04,911.227982752727,500.794549303177,8.77078056335449
189631.52,911.977479740521,500.026245895211,8.85618209838867
189689.82,913.173118107601,500.204324489681,8.7326431274414
189722.32,912.443429599537,500.688907795558,8.71313095092773
189752.28,909.264522357144,501.634947557891,8.81641387939453
189767.6,907.405815014353,502.965120840622,8.7315559387207
189787.66,905.481166985416,504.688063620707,8.59994888305664
189819.27,902.742342547396,506.121004461951,8.73478889465332
189849.74,900.40612643239,507.615570126882,8.82222175598144
189896.8,899.950448859118,508.690469172217,8.84593963623046
189930.71,898.61836232377,509.302862518097,8.83563995361328
189962.1,895.528230265586,509.407818203127,8.64223480224609
189995.69,895.134310904344,509.017990340785,8.80634307861328
190025.1,899.106107615133,508.736042093172,8.28809738159179
190091,906.352466448022,508.1319013308,8.73310089111328
190122.95,916.205688501241,507.513123481476,8.699312210083
190151.64,928.528758763741,508.181626252336,8.92290115356445
190168.56,935.729523901586,508.753496211544,8.88550758361816
190187.87,940.212259555144,509.622367174326,8.89174461364746
190219.78,938.389772328222,510.298631721386,8.6733341217041
190246.74,935.953391572421,511.48211386707,8.85174751281738
190301.7,929.935884750991,510.731474226282,8.63310813903808
190327.55,929.76794652077,509.88908635138,8.69067192077636
190359.09,929.162192602112,508.373790130798,8.69072914123535
190395.25,929.776099507887,507.279194863433,8.65345001220703
190424.72,931.728941943067,505.506445608803,8.70271682739257
190490.46,936.096798623793,504.462588059877,8.8560676574707
190519.8,938.124761445942,504.098644643388,8.79335403442382
190551.27,940.410664549585,503.935097518409,8.6066722869873
190566.87,944.853541047216,503.908563047437,8.6755084991455
190589.27,946.641808672869,503.567099982559,8.56839179992675
190619.27,947.331212607404,502.438429669525,8.69928359985351
190647.13,948.463797452798,500.936443294382,8.48321914672851
190699.59,951.498345530625,499.368244351422,8.57697486877441
190726.77,952.6303163469,498.848357817466,8.13383102416992
190760.64,955.451705669105,497.981970871823,8.60363960266113
190798.79,959.384267052129,497.534738850649,8.32715034484863
190825.22,963.948406686518,497.343456907915,8.67874145507812
190889.13,968.154939151047,497.492244582388,8.75930786132812
190924.3,974.88148103664,496.724452212337,8.51305961608886
190955.87,981.463849426293,498.369295509207,8.42877388000488
190972.72,987.112010128217,498.597866604412,8.419189453125
190988.25,989.363855250269,497.650414841689,8.61831665039062
191015.87,990.730067504462,496.606691552856,8.22538375854492
191051.6,994.294036138348,491.349534559749,8.37555885314941
191096.39,992.060084414359,486.892080886439,8.36019515991211
191134.36,993.029262336904,484.100326209245,8.34651947021484
191159.41,997.504220393311,483.162506580019,8.4173583984375
191192.33,996.730676289786,483.356203938264,8.48456382751464
191226.98,965.054241974977,491.179764094009,8.28266143798828
191293.88,874.420663601664,495.161126844549,9.66673851013183
191320.42,747.744491116579,497.385564416678,9.49064254760742
191351.2,601.930718393856,497.673970599698,9.99000549316406
191365.57,454.28639065174,499.26387832864,9.94008064270019
191387.19,335.196244466793,495.611970370707,10.1521396636962
191415.84,279.164517772515,493.467392036307,10.3157043457031
191450,261.056869836849,492.533079630716,10.216999053955
191498.88,263.373601643672,495.496451570035,10.0079154968261
191526.4,273.750950448676,496.651316019345,9.97999191284179
191564.94,285.726452057375,497.505876938941,9.95678901672363
191594.06,299.2498783668,498.683281252653,9.72833633422851
191625.17,309.814767203625,508.015383708964,8.81618499755859
191691.94,323.517206452568,527.549294290024,7.93636322021484
191720.5,335.637397136399,552.885264536012,7.89284706115722
191751.17,344.63540559641,582.289348842293,7.72553443908691
191767.29,351.877579491238,611.826280212469,7.78189659118652
191791.29,355.814175622471,634.308762451616,7.79354095458984
191814.65,355.875803896817,645.197356080657,7.02658653259277
191850.11,384.430535644793,653.807552388835,3.92864227294921
191899.56,427.852239543129,651.807773605783,3.40292930603027
191928.17,470.430013035861,650.860188190597,4.84173774719238
191961.93,502.845433861403,652.411678439217,7.32401847839355
191995.54,513.653718640689,652.660410812201,7.37940788269043
192026.13,485.634229566189,646.138091198732,8.1712532043457
192092.87,433.807859596844,644.252246687545,9.12240028381347
192125.54,381.394061254611,637.041987958531,8.9802074432373
192151.32,340.865612350947,623.902610601195,8.85117530822753
192167.76,319.846692893285,609.415405836118,8.89211654663086
192183.98,311.150411356389,595.819854173748,9.00097846984863
192221.48,316.573486554152,584.817147201876,8.88250350952148
192250.23,325.279816466567,577.197731642874,9.1405963897705
192299.53,339.869748164833,574.061984718118,9.5068359375
192327.85,351.050996092023,570.790936083087,9.38584327697753
192363.76,359.250876773833,568.148621078846,9.70745086669921
192391.54,368.044688268227,566.623405253046,9.17112350463867
192427.91,380.438016782997,564.480088764127,9.48331832885742
192489.15,392.28234137291,560.008749489657,9.40278053283691
192520.29,411.057141904282,556.634754750067,9.23772811889648
192554.5,434.187509104262,554.111527058651,9.02154922485351
192569.3,454.904865805249,551.826776122178,9.09582138061523
192587.01,468.241444820328,550.375922756208,9.329195022583
192619.53,473.664359030033,549.321745515945,9.52400207519531
192650.31,470.59523477103,548.504688260786,9.68001365661621
192698.01,460.800625236519,547.48920145099,9.74527359008789
192731.89,446.991920719426,546.409741370155,9.65955734252929
192760.82,434.873860600546,546.07687498429,9.45748329162597
192792.92,429.409319246086,546.114189411323,9.26502227783203
192830.02,430.836804006528,545.587725973285,9.42489624023437
192889.72,436.212032197448,544.689952291643,9.50214385986328
192920.14,448.424214104355,542.985546529893,9.08864021301269
192959.31,467.546217029723,541.099389552741,8.97708892822265
192976.53,488.555217993623,540.009219992329,8.86819839477539
192993.66,509.98210808737,539.453016224955,8.8608169555664
193015.87,529.412462862427,539.101940813358,8.9776611328125
193051.5,543.970890913319,539.61527697529,8.91265869140625
193096.22,553.473751333295,539.293545523461,8.886079788208
193129.15,561.890187607385,535.815285346318,9.01654243469238
193162.15,564.249783909527,533.365448597791,8.91328811645507
193192.62,572.613332119163,532.755294586329,9.00283813476562
193228.07,578.926884121606,530.013846621382,9.21515464782714
193297.43,585.328812605554,528.696174897824,8.64778518676757
193322.29,595.036185037701,531.035596467345,8.34219932556152
193353.36,614.782545641423,532.592841095418,8.53732109069824
193370.91,634.381761333042,532.682295131045,8.68217468261718
193386.51,656.921202956715,535.429858832645,8.93817901611328
193417.99,673.021129061624,537.016698546577,8.69479179382324
193451.27,681.913268962162,537.250692129135,8.76093864440918
193496.04,685.632045169743,536.689046046688,8.61926078796386
193533.14,686.173798746456,535.733272870879,8.91511917114257
193561.66,683.425647295118,534.197358257354,8.85529518127441
193591.05,682.073103880672,533.48672775178,8.63147735595703
193631.3,685.295030707263,532.430370689482,8.67447853088378
193688.26,702.671668262125,532.391680838927,8.5107421875
193723.45,727.704497098014,532.183940587498,8.40771675109863
193753.83,760.016143402522,531.610503583455,8.41913223266601
193769.92,796.537500354089,530.481147852844,8.4803295135498
193788.08,827.065140053284,529.477398720942,8.60578536987304
193816.29,841.724654218728,528.192410579736,8.68572235107421
193850.04,846.529842199796,527.85402169031,8.62209320068359
193897.6,846.214064583678,529.127944891227,8.70283126831054
193927.45,841.57551215358,530.13951464878,8.60269546508789
193965.16,840.699556205068,530.27020600737,8.58607292175293
193992.65,840.928987502916,530.870296372862,8.67413520812988
194023.83,840.418628963878,531.121931729463,8.78479957580566
194090.53,844.448479816935,530.467740033955,8.56781959533691
194122.64,853.207723280582,529.946479703886,8.60163688659668
194151.45,860.158909409186,530.469254007048,8.46247673034668
194166.19,865.649195281966,530.398611403536,8.54590415954589
194186.47,872.360058749549,527.202819675104,8.85174751281738
194216.01,869.267237468732,522.009676753387,8.32483291625976
194247.72,865.255278729702,519.741828428508,8.54401588439941
194300.78,865.175215428795,517.813377157617,8.4396743774414
194328.14,869.216700652386,516.082129381312,8.5004711151123
194362.32,875.000820571802,518.491979042654,8.36085319519043
194392.66,886.866610718304,523.621783794449,8.14149856567382
194423.37,899.861857765701,526.570197508046,8.55454444885253
194489.76,904.841786577793,526.19780238705,8.23127746582031
194518.54,911.029968523109,523.982738589043,8.24017524719238
194556.04,918.704278655273,516.036261645942,8.49660873413086
194572.9,921.010183872163,504.985177581287,8.31954002380371
194589.03,922.30806305377,496.096834116125,8.15208435058593
194618.45,929.610756999508,490.733635175766,8.1060791015625
194650.09,931.630400292375,486.857754833336,8.32220077514648
194696.61,932.633911610697,487.164927332222,8.16962242126464
194729.66,939.722802400553,490.581391465218,8.49555015563964
194761.79,946.740296037468,492.46029846144,8.31982612609863
194794.09,950.788066617064,492.785916285179,8.20601463317871
194824.8,954.12881104407,494.078267565417,8.17122459411621
194889.43,952.723914810503,495.447561714889,8.21599960327148
194921.12,951.635200703354,496.481471326678,8.26054573059082
194955.75,953.978674456048,493.025839297668,8.62847328186035
194986.73,953.813403360036,490.857988882865,8.11380386352539
195004.74,957.51450589858,491.092472478253,8.41464042663574
195021.22,960.284885747953,487.750127992544,8.34271430969238
195047.38,957.817789934061,484.824672263248,8.27081680297851
195098.76,951.826155751827,486.714024184719,8.23997497558593
195130.8,952.182153288394,488.770467725275,8.26177597045898
195162.39,944.977017501716,490.045248904565,8.27462196350097
195191.69,937.488547929527,495.487295410896,8.25227737426757
195223.86,933.657130497429,499.784934625504,8.48845481872558
195293.22,930.214314600871,501.625317617678,8.47254753112793
195320.77,927.04967039109,502.629114370033,8.30300331115722
195352.78,931.951025737912,502.775619316908,8.20844650268554
195387.27,941.126669847514,502.389960102524,8.26663970947265
195402.82,951.522901958407,501.702441596809,8.21096420288086
195419.34,960.173983785069,501.849891705202,8.27942848205566
195449.34,964.561034914798,501.70090330746,8.27344894409179
195482.16,969.138711090615,500.063990556944,8.43140602111816
195529.4,970.785030866438,500.50987339591,7.95307159423828
195562.04,973.626591017048,501.512728858081,8.259859085083
195592.49,975.684236299459,498.281800122661,8.23611259460449
195632.05,975.561522393903,495.714796061595,8.06136131286621
195688.53,975.466864529326,496.058326932278,8.37507247924804
195717.67,974.672145860016,495.637055972636,8.19296836853027
195757,972.805620934727,493.449906511581,8.43432426452636
195788.39,973.943270903137,494.561953190833,8.2554817199707
195803.75,979.968596618007,497.541491713774,8.39009284973144
195819.05,979.957411924422,495.760599529122,8.24103355407714
195851.71,987.936885966664,494.849866870123,8.51154327392578
195879.95,993.199630155743,492.37621181866,8.12885284423828
195932.27,991.052500788335,492.789315637504,8.17480087280273
195963.82,987.944344766375,492.950079790081,8.25751304626464
195990.81,990.035665171931,496.431050204965,8.16816329956054
196028.32,985.993444467351,498.797046028412,8.30205917358398
196088.89,975.836314841522,504.372687590308,8.0892276763916
196123.34,928.517197438581,508.409256817339,8.58478546142578
196156.47,833.259359094653,512.439154394996,9.37253952026367
196185.2,709.720752887641,513.545668143272,9.41817283630371
196201.51,574.64082756909,512.378944042737,9.48660850524902
196216.76,441.326835130838,510.100608486492,9.83625411987304
196249.1,352.492709542945,507.307837297455,9.96783256530761
196281.09,309.601162629816,503.258590369452,9.89238739013671
196333.53,293.078905547346,502.228260126879,10.105390548706
196361.79,295.09699640014,501.775471582809,9.59089279174804
196393.85,302.59972800302,502.191138536868,9.74367141723632
196426.43,309.653818259037,503.828114601495,9.38647270202636
196487.98,316.569027096577,506.147817174817,9.7701358795166
196524.12,323.797517894853,507.562669972711,9.6983528137207
196553.23,327.395645634358,510.423346965576,9.89313125610351
196584.25,337.844512571991,512.982231521882,9.55690383911132
196601.53,353.382046794972,514.175872782119,9.50254440307617
196621.6,374.882539946844,515.656651296216,9.17518615722656
196647.51,398.897206311567,515.950778432649,9.12202835083007
196684.09,419.728507316262,515.699153278193,9.44257736206054
196729.58,432.876311342586,516.220777728485,9.23973083496093
196760.77,440.669128042865,517.665007783887,9.42606925964355
196797.43,445.426332908121,518.163397399818,9.18136596679687
196823.78,445.235796303014,519.245801706694,9.35591697692871
196892.79,443.745369954223,520.821308673515,9.25540924072265
196918.79,440.697020467195,521.902497466207,9.44583892822265
196954.67,437.373127967313,522.724905528696,9.43676948547363
196986.11,433.235169432389,523.467247508393,9.45053100585937
197002.66,429.489556661444,524.540187569933,9.19678688049316
197020.19,424.663358923947,525.181787258179,9.37522888183593
197047.59,423.828444251842,526.127194273477,9.28962707519531
197080.33,426.362855086416,526.704112005075,9.21758651733398
197134.77,434.167140864996,526.699124813757,8.74866485595703
197159.48,445.415159813759,524.846571806415,9.07682418823242
197194.7,459.661787415881,522.122792958709,9.08306121826171
197224.57,471.088169408027,519.19297640908,9.07693862915039
197295.56,479.066702606047,517.449493997607,9.00155067443847
197321.81,478.786991043191,517.043085475695,9.2182445526123
197352.22,479.306825429366,518.637125281253,8.85718345642089
197384.05,481.580891232194,521.008646168715,8.59251022338867
197400.43,488.292999170335,523.244761913216,8.71038436889648
197418.66,493.805941339755,524.788047316026,8.7059211730957
197451.06,502.314699266759,525.989616280026,8.81072044372558
197478.31,507.69667039563,526.872672581832,9.09247398376464
197530.87,506.16246001248,526.745981369272,9.2233657836914
197560.72,495.799322398083,525.825787406317,9.11072731018066
197596.25,484.490088279571,523.899279211014,8.94063949584961
197627.55,475.02263930799,521.271557352243,9.05353546142578
197691.52,472.229676756061,520.204226151666,8.65839958190918
197718.48,482.530290084562,521.376594262991,8.65084648132324
197756.66,501.231032715701,523.922797983108,8.75844955444336
197788.45,522.374713919511,525.524993368672,8.88962745666503
197804.11,540.969546612928,527.825059687637,8.80102157592773
197821.19,552.827890719137,526.879268569289,8.96100997924804
197847.84,556.277967790377,526.10090719421,8.72134208679199
197879.25,566.900591118842,526.149858466386,7.98139572143554
197931.35,579.427791723752,528.082174065184,8.46948623657226
197963.9,597.667891600322,527.471963225139,8.65221977233886
197992.93,613.506792099274,528.41341617972,7.90686607360839
198024.45,633.144854944789,529.406057064198,8.61857414245605
198089.27,644.400276478933,528.964946092104,8.49506378173828
198122.14,653.457925063553,529.349855455879,8.31954002380371
198155.69,654.711261445721,532.718974402074,8.97448539733886
198184,661.235992836557,536.107934033582,8.68494987487793
198199.92,664.872966717833,537.590527179259,8.77530097961425
198217.33,670.739526306075,540.790099559496,8.55729103088378
198250.25,680.299336144634,543.391659944394,8.49349021911621
198283.32,692.82365452031,543.584204321802,8.60698699951171
198329.34,701.038266995402,542.99980084698,8.42803001403808
198363.49,711.453658429946,543.120859813726,8.50224494934082
198392.18,717.903940544541,540.797684302101,8.57794761657714
198427.63,722.850111743915,538.681659082851,8.42845916748046
198488.25,726.188373487542,537.340894574105,8.5711669921875
198520.86,732.155034078725,537.238579008148,8.32546234130859
198555.88,735.235193314354,536.789448292026,8.37630271911621
198585.27,744.659452712344,536.47829466831,8.30394744873046
198601.84,754.293153614958,536.719297274263,8.69399070739746
198621.63,761.547069303435,536.762067840133,8.50799560546875
198650.84,769.782683787495,537.194663976344,8.43209266662597
198681.84,779.406301851125,538.901121093297,8.87486457824707
198729.67,782.527494529504,542.008188114369,8.57949256896972
198765.31,780.812592108096,543.488181189298,8.78582954406738
198796.51,783.52657042671,543.521781274402,8.46184730529785
198823.16,786.414696278753,542.914898544798,8.37701797485351
198892.18,788.622570051891,541.685581493308,8.82399559020996
198918.57,789.417471462888,539.391685746588,8.55697631835937
198955.45,794.071294296702,538.829223790606,8.85180473327636
198988.16,795.226221019592,540.217836529153,8.58618736267089
199003.5,795.987726723691,541.481598650155,8.73730659484863
199020.77,795.57297540378,542.56326145047,8.79896163940429
199048.37,797.41843929224,544.064668276045,8.64741325378418