1,0,0,1
2,236.290000000037,0,1
3,36.2800000000279,0,1
4,29.4899999999906,0,1
5,33.6300000000046,0,1
6,95.9799999999813,0,1
7,28.859999999986,0,1
8,18.4200000000419,0,1
9,20.5100000000093,0,1
10,56.5699999999487,0,1
11,81.0400000000372,0,1
12,67.0999999999767,0,1
13,101.29999999993,0,1
14,93.4200000000419,0,1
15,28.0100000000093,0,1
16,86.8900000000139,0,1
17,90.1300000000046,0,1
18,97.0499999999301,0,1
19,29.4000000000232,0,1
20,457.570000000065,0,1
21,314.339999999967,0,1
22,62.859999999986,0,1
23,49.6700000000419,0,1
24,50.5300000000279,0,1
25,73.2299999999813,0,1
26,33.9099999999161,0,1
27,29.0500000000465,0,1
28,291.680000000051,0,1
29,80.4599999999627,0,2
30,108.369999999995,0,2
31,365.229999999981,0,2
32,318.360000000102,0,2
33,257.329999999958,0,2
34,119.290000000037,0,2
35,263.929999999934,0,2
36,435.820000000065,0,2
37,31.9199999999254,0,2
38,18.4799999999813,0,2
39,17.7100000000791,0,2
40,90.5999999999767,0,2
41,101.669999999925,0,2
42,145.270000000135,0,2
43,206.449999999953,0,2
44,91.4300000000512,0,2
45,63.4799999999813,0,2
46,34.6799999999348,0,2
47,0,0,2
48,0,0,2
49,33.9599999999627,0,2
50,0,0,2
51,63.8800000000046,0,2
52,849.080000000074,0,2
53,247.070000000065,0,2
54,214.239999999874,0,2
55,58.75,0,2
56,0,0,2
57,0,0,3
58,110.910000000032,0,3
59,234.229999999981,0,3
60,54.6199999999953,0,3
61,80.969999999972,0,3
62,191.810000000055,1,3
63,1067.59999999997,1,3
64,146.260000000125,1,3
65,91.7099999999627,0,3
66,72.859999999986,0,3
67,437.930000000051,0,3
68,65.4499999999534,0,3
69,97.2299999999813,0,3
70,33.3800000000046,0,3
71,32.7099999999627,0,3
72,29.9100000000325,0,3
73,0,0,3
74,16.5500000000465,0,3
75,24.079999999958,0,3
76,24.0100000000093,0,3
77,81.5600000000558,0,3
78,63.7999999999301,0,3
79,126.580000000074,0,3
80,86.109999999986,0,3
81,45.4899999999906,0,3
82,28.3399999999674,0,3
83,48.8000000000465,0,3
84,864.949999999953,0,3
85,49.3199999999487,0,4
86,76.9400000000605,0,4
87,223.170000000041,0,4
88,57.7299999999813,0,4
89,36.7999999999301,0,4
90,120.260000000009,0,4
91,218.890000000013,0,4
92,204.670000000041,0,4
93,165.069999999948,0,4
94,236.999999999883,0,4
95,168.920000000041,0,4
96,227.600000000093,0,4
97,305.449999999953,0,4
98,256.950000000069,0,4
99,363.160000000032,0,4
100,249.179999999934,0,4
101,260.479999999981,0,4
102,110.040000000037,0,4
103,26.0999999999767,0,4
104,238.950000000069,0,4
105,48.079999999958,0,4
106,83.5999999999767,0,4
107,30.75,0,4
108,95.7399999999906,0,4
109,420.359999999986,0,4
110,350.320000000065,0,4
111,470.469999999972,1,4
112,1060.83999999996,1,4
113,0,0,5
114,101.510000000009,0,5
115,308.720000000088,0,5
116,156.419999999925,0,5
117,334.380000000004,0,5
118,128.579999999958,0,5
119,63.9100000000325,0,5
120,214.209999999962,0,5
121,123.540000000037,0,5
122,62.1600000000325,0,5
123,0,0,5
124,36.2399999999906,0,5
125,28.5,0,5
126,18.0200000000186,0,5
127,18.8399999999674,0,5
128,509.560000000055,0,5
129,65.5299999999115,0,5
130,60.1000000000931,0,5
131,35.9499999999534,0,5
132,59.329999999958,0,5
133,34,0,5
134,99.8000000000465,0,5
135,107.130000000004,0,5
136,95.579999999958,0,5
137,66.1800000000512,0,5
138,27.329999999958,0,5
139,40.0600000000558,0,5
140,761.589999999967,0,5
141,0,0,6
142,0,0,6
143,304.390000000013,0,6
144,391.959999999962,1,6
145,476.830000000074,1,6
146,492.399999999906,0,6
147,339.950000000069,0,6
148,62.859999999986,0,6
149,99.8199999999487,0,6
150,61.8200000000651,0,6
151,473.569999999948,0,6
152,131.800000000046,0,6
153,66.2800000000279,0,6
154,31.7399999999906,0,6
155,63.5699999999487,0,6
156,28.329999999958,0,6
157,52.4899999999906,0,6
158,31.1000000000931,0,6
159,65.219999999972,0,6
160,154.780000000027,0,6
161,38.0299999999115,0,6
162,28.7900000000372,0,6
163,109.010000000009,0,6
164,129.790000000037,0,6
165,63.8699999999953,0,6
166,29.8399999999674,0,6
167,147.800000000046,0,6
168,96.0199999999022,0,6
169,0,0,7
170,0,0,7
171,47.5299999999115,0,7
172,760.619999999995,0,7
173,193.600000000093,0,7
174,27.969999999972,0,7
175,268.189999999944,0,7
176,592.339999999967,0,7
177,308.980000000097,0,7
178,322.94000000006,0,7
179,242.269999999902,0,7
180,19.7600000000093,0,7
181,37.109999999986,0,7
182,180.73999999999,0,7
183,26.2700000000186,0,7
184,33.1899999999441,0,7
185,38.4600000000791,0,7
186,302.23999999999,0,7
187,58.4899999999906,0,7
188,33.469999999972,0,7
189,34.7900000000372,0,7
190,29.4499999999534,0,7
191,119.850000000093,0,7
192,317.349999999976,0,7
193,108.719999999972,0,7
194,189.160000000032,0,7
195,242.829999999958,0,7
196,0,0,7
197,0,0,8
198,62.6000000000931,0,8
199,274.709999999962,0,8
200,129.469999999972,0,8
201,144.94000000006,0,8
202,125.169999999925,0,8
203,30.7800000000279,0,8
204,38.079999999958,0,8
205,18.5900000000838,0,8
206,518.53999999992,0,8
207,71.109999999986,0,8
208,23.4300000000512,0,8
209,36.8000000000465,0,8
210,269.189999999944,0,8
211,194.800000000046,0,8
212,78.4199999999255,0,8
213,129.160000000032,0,8
214,352.569999999948,0,8
215,204.560000000055,0,8
216,101.920000000041,0,8
217,172.510000000009,0,8
218,62.829999999958,0,8
219,102.659999999916,0,8
220,332.240000000107,0,8
221,0,0,8
222,28.719999999972,0,8
223,0,0,8
224,495.260000000009,0,8
225,0,0,9
226,61.3999999999068,0,9
227,81.4500000000698,0,9
228,255.900000000023,0,9
229,174,0,9
230,222.529999999911,0,9
231,68.4400000000605,0,9
232,64.1999999999534,0,9
233,37.4799999999813,0,9
234,234.619999999995,0,9
235,93.2000000000698,0,9
236,228.54999999993,0,9
237,133.98999999999,0,9
238,104.409999999916,0,9
239,289.160000000032,0,9
240,30.2400000001071,0,9
241,0,0,9
242,29.9899999999906,0,9
243,0,0,9
244,30.8899999998975,0,9
245,0,0,9
246,36.8900000000139,0,9
247,18.3000000000465,0,9
248,19.3199999999487,0,9
249,197.700000000069,0,9
250,98.6400000000139,0,9
251,488.269999999902,0,9
252,117.760000000009,0,9
253,0,0,10
254,0,0,10
255,114.98999999999,0,10
256,222.590000000083,0,10
257,63.3499999999767,0,10
258,29.25,0,10
259,48.329999999958,0,10
260,249.530000000027,0,10
261,144.910000000032,0,10
262,406.099999999976,0,10
263,288.189999999944,1,10
264,116.530000000027,1,10
265,205.140000000013,0,10
266,174.040000000037,0,10
267,0,0,10
268,0,0,10
269,0,0,10
270,0,0,10
271,0,0,10
272,0,0,10
273,0,0,1
274,0,0,1
275,0,0,1
276,0,0,1
277,39.2399999999906,0,1
278,139.080000000074,0,1
279,94.7600000000093,0,1
280,65.7099999999627,0,1
281,496.729999999981,0,1
282,78.469999999972,0,1
283,160.540000000037,0,1
284,161.020000000018,0,1
285,81.1199999999953,0,1
286,30.3800000000046,0,1
287,66.859999999986,0,1
288,159.959999999962,0,1
289,299.230000000097,0,1
290,98.2699999999022,0,1
291,109.930000000051,0,1
292,66.1899999999441,0,1
293,34.4700000000884,0,1
294,28.5999999999767,0,1
295,31.5699999999487,0,1
296,30.5900000000838,0,1
297,38.2899999999208,0,1
298,202.180000000051,0,1
299,96.9000000000232,0,1
300,462.449999999953,0,1
301,0,0,2
302,184.839999999851,0,2
303,288.680000000167,0,2
304,242.269999999902,0,2
305,168.979999999981,0,2
306,203.900000000023,0,2
307,46.3900000000139,0,2
308,31.5100000000093,0,2
309,33.1500000000232,0,2
310,27.9899999999906,0,2
311,32.1300000000046,0,2
312,39.329999999958,0,2
313,92.4700000000884,0,2
314,299.899999999906,0,2
315,32.75,0,2
316,64.4400000000605,0,2
317,94.2800000000279,0,2
318,82.1300000000046,0,2
319,32.3999999999068,0,2
320,30.4500000000698,0,2
321,0,0,2
322,32.4100000000325,0,2
323,0,0,2
324,440.569999999948,1,2
325,482.890000000013,1,2
326,325,0,2
327,228.150000000023,0,2
328,1120.05999999993,0,2
329,0,0,3
330,267.450000000069,0,3
331,36.1400000000139,0,3
332,60.4499999999534,0,3
333,112.369999999995,0,3
334,98.969999999972,0,3
335,206.330000000074,0,3
336,159.719999999972,0,3
337,0,0,3
338,29.4000000000232,0,3
339,33.0699999999487,0,3
340,0,0,3
341,0,0,3
342,34.8300000000745,0,3
343,31.9899999999906,0,3
344,63.8099999999394,0,3
345,94.9800000000977,0,3
346,227.349999999976,0,3
347,113.229999999981,0,3
348,25.9099999999161,1,3
349,31.9300000000512,1,3
350,578.949999999953,0,3
351,493.510000000009,0,3
352,179.040000000037,0,3
353,154.939999999944,0,3
354,371.010000000009,0,3
355,705.790000000037,0,3
356,220.969999999972,0,3
357,0,0,4
358,31.25,0,4
359,105.150000000023,0,4
360,300.779999999911,0,4
361,60.8600000001024,0,4
362,65.2799999999115,0,4
363,65.4100000000326,0,4
364,108.229999999981,0,4
365,72.5900000000838,0,4
366,0,0,4
367,22.7599999998928,0,4
368,395.210000000079,0,4
369,411.510000000009,1,4
370,280.359999999986,1,4
371,293.910000000032,1,4
372,396.989999999874,1,4
373,188.320000000065,1,4
374,136.78999999992,0,4
375,121.279999999911,0,4
376,212.170000000158,0,4
377,95.0299999999115,0,4
378,96.1000000000931,0,4
379,46.0600000000558,0,4
380,464.779999999911,0,4
381,98.75,0,4
382,25.7399999999906,0,4
383,100.460000000079,0,4
384,117.020000000018,0,4
385,0,0,5
386,0,0,5
387,240.660000000032,0,5
388,191.560000000055,0,5
389,64.3199999999487,0,5
390,82.2399999999906,0,5
391,656.949999999953,0,5
392,495.350000000093,0,5
393,49.7399999999906,0,5
394,26.9799999999813,0,5
395,164.669999999925,0,5
396,94.1600000000326,0,5
397,146.949999999953,0,5
398,153.860000000102,0,5
399,32.75,0,5
400,35.0999999999767,0,5
401,0,0,5
402,0,0,5
403,28.0500000000465,0,5
404,0,0,5
405,130.689999999944,0,5
406,205.48999999999,0,5
407,30.5100000000093,0,5
408,34.3100000000558,0,5
409,33.6899999999441,0,5
410,512.140000000014,0,5
411,93.0100000000093,0,5
412,0,0,5
413,0,0,6
414,0,0,6
415,61.0999999999767,0,6
416,99.4300000000512,0,6
417,131.429999999934,1,6
418,668.220000000088,1,6
419,194.519999999902,0,6
420,265.140000000013,0,6
421,69.1900000000605,0,6
422,29.0299999999115,0,6
423,32.9300000000512,0,6
424,50.0400000000372,0,6
425,68.4899999998742,0,6
426,328.230000000097,0,6
427,64.5,0,6
428,30.5699999999487,0,6
429,371.420000000041,0,6
430,60.0899999999674,0,6
431,68.4700000000884,0,6
432,60.579999999958,0,6
433,34.9100000000325,0,6
434,239.159999999916,0,6
435,398.930000000051,0,6
436,66.8800000000046,0,6
437,28.5400000000372,0,6
438,162.319999999948,0,6
439,415.599999999976,0,6
440,64.4799999999813,0,6
441,0,0,7
442,34.1400000000139,0,7
443,143.550000000046,0,7
444,68.4099999999161,0,7
445,190.140000000013,0,7
446,139.069999999948,0,7
447,804.390000000014,1,7
448,400.050000000046,1,7
449,63.829999999958,0,7
450,28.2800000000279,0,7
451,69.0499999999301,0,7
452,28.2700000000186,0,7
453,0,0,7
454,31,0,7
455,0,0,7
456,35.7399999999906,0,7
457,26.4700000000884,0,7
458,496.109999999986,0,7
459,284.329999999841,0,7
460,104.39000000013,0,7
461,62.5300000000279,0,7
462,31.0299999999115,0,7
463,66.6400000000139,0,7
464,60.4500000000698,0,7
465,33.5299999999115,0,7
466,94.6200000001117,0,7
467,403.559999999939,0,7
468,0,0,7
469,0,0,8
470,65.4100000000326,1,8
471,466.579999999958,1,8
472,75.0900000000838,0,8
473,37.8499999999767,0,8
474,60.1899999999441,0,8
475,98.5700000000651,0,8
476,63.719999999972,0,8
477,62.4899999999906,0,8
478,174.869999999995,0,8
479,66.7600000000093,0,8
480,60.8499999999767,0,8
481,0,0,8
482,36.6700000000419,0,8
483,33.0100000000093,0,8
484,26.3399999999674,0,8
485,0,0,8
486,86.0600000000558,0,8
487,281.679999999934,0,8
488,79.1800000000512,0,8
489,162.479999999981,0,8
490,192.570000000065,0,8
491,301.809999999939,1,8
492,272.339999999967,1,8
493,67.969999999972,0,8
494,58.3699999999953,0,8
495,639.199999999953,0,8
496,35.1600000000325,0,8
497,63,0,9
498,97.4400000000605,0,9
499,193.839999999851,0,9
500,49.5200000000186,0,9
501,26.9500000000698,0,9
502,30.2999999999301,0,9
503,31.5500000000465,0,9
504,257,0,9
505,81.7800000000279,0,9
506,32.5999999999767,0,9
507,28.9799999999813,0,9
508,191.329999999958,0,9
509,114.510000000009,0,9
510,63.3000000000465,0,9
511,28.1999999999534,0,9
512,103.869999999995,0,9
513,156.160000000032,0,9
514,49.9599999999627,0,9
515,29.1700000000419,0,9
516,29.8900000000139,0,9
517,134.609999999986,0,9
518,269.449999999953,0,9
519,296.160000000032,0,9
520,106.859999999986,0,9
521,59.2900000000372,0,9
522,166.469999999972,0,9
523,633.810000000055,0,9
524,64.1999999999534,0,9
525,67.609999999986,0,10
526,65.1300000000046,0,10
527,31.1600000000325,0,10
528,61.8999999999068,0,10
529,52.3900000000139,0,10
530,127.770000000018,0,10
531,123.229999999981,0,10
532,32.9300000000512,0,10
533,39.6300000000046,0,10
534,711.849999999976,0,10
535,359.910000000149,0,10
536,244.469999999855,0,10
537,271.300000000046,0,10
538,202.140000000013,0,10
539,85.9899999999906,0,10
540,62.1300000000046,0,10
541,124.699999999953,0,10
542,99.6600000000326,0,10
543,166.939999999944,0,10
544,121.260000000125,0,10
545,177.949999999953,0,10
546,495.140000000013,0,10
547,96.3099999999394,0,10
548,67.9000000000232,0,10
549,172.219999999972,0,10
550,372.609999999986,0,10
551,0,0,10
552,0,0,10
553,0,0,11
554,58.1400000000139,0,11
555,374.839999999967,0,11
556,95.829999999958,0,11
557,58.4600000000791,0,11
558,68.5999999999767,0,11
559,142.089999999967,0,11
560,37.1300000000046,0,11
561,24.1300000000046,0,11
562,0,0,11
563,32.5200000000186,0,11
564,32.4200000000419,0,11
565,110.599999999976,0,11
566,193.729999999981,0,11
567,0,0,1
568,145.880000000004,0,1
569,294.079999999958,0,1
570,134.729999999981,0,1
571,130.410000000032,0,1
572,31.4099999999743,0,1
573,36.0400000000372,0,1
574,384.280000000027,0,1
575,494.359999999986,0,1
576,29.8099999999976,0,1
577,67.3399999999674,0,1
578,23.0200000000186,0,1
579,185.690000000002,0,1
580,25.8099999999976,0,1
581,67.9199999999837,0,1
582,18.25,0,1
583,18.0200000000186,0,1
584,157.609999999986,0,1
585,176.309999999997,0,1
586,77.2399999999906,0,1
587,63.25,0,1
588,29.9600000000209,0,1
589,0,0,1
590,34.8399999999674,0,1
591,31.6000000000349,0,1
592,0,0,1
593,27.6300000000046,0,1
594,210.359999999986,0,1
595,64,0,2
596,34.0599999999976,0,2
597,33.2400000000488,0,2
598,27.7299999999813,0,2
599,81.75,0,2
600,67.0499999999883,0,2
601,27.9400000000023,0,2
602,35.6300000000046,0,2
603,28.8400000000256,0,2
604,190.369999999995,0,2
605,260.649999999965,0,2
606,63.5100000000093,0,2
607,28.9799999999813,0,2
608,0,0,2
609,190.100000000034,0,2
610,147.399999999965,0,2
611,0,0,2
612,36.3800000000046,0,2
613,0,0,2
614,27.9500000000116,0,2
615,31.2000000000116,0,2
616,0,0,2
617,24.679999999993,0,2
618,84.8500000000349,0,2
619,28.0999999999767,0,2
620,0,0,2
621,0,0,2
622,0,0,2
623,250.679999999993,0,3
624,66.4800000000395,0,3
625,85.9899999999906,0,3
626,30.3900000000139,0,3
627,80.7700000000186,0,3
628,70.9600000000209,1,3
629,30.6299999999464,1,3
630,1090.64000000007,1,3
631,352.259999999951,0,3
632,139.559999999997,0,3
633,125.650000000023,0,3
634,116.889999999955,0,3
635,94.469999999972,0,3
636,79.3800000000046,0,3
637,310.97000000003,0,3
638,146.589999999967,0,3
639,67.9000000000232,0,3
640,90.5999999999767,0,3
641,154.880000000004,0,3
642,145.700000000011,0,3
643,64,0,3
644,28.1399999999557,0,3
645,144.740000000048,0,3
646,42.679999999993,0,3
647,26.8300000000162,0,3
648,59.7999999999883,0,3
649,265.390000000013,0,3
650,252.619999999995,0,3
651,178,0,4
652,26.3400000000256,0,4
653,48.9500000000116,0,4
654,0,0,4
655,18.6900000000023,0,4
656,175.679999999993,0,4
657,62.4199999999837,0,4
658,143.73999999999,0,4
659,32.3200000000069,0,4
660,28.2000000000116,0,4
661,36.1900000000023,0,4
662,29.859999999986,0,4
663,35.75,0,4
664,142.390000000013,0,4
665,228.309999999997,0,4
666,94.4500000000116,0,4
667,321.989999999932,0,4
668,119.760000000067,0,4
669,0,0,4
670,36.2099999999627,0,4
671,27.0400000000372,0,4
672,0,0,4
673,36.7699999999604,0,4
674,159.859999999986,0,4
675,253.490000000048,0,4
676,97.0999999999767,0,4
677,82.929999999993,0,4
678,186.130000000004,0,4
679,161.069999999948,0,5
680,128.680000000051,0,5
681,112.849999999976,0,5
682,64.8099999999976,0,5
683,254.380000000004,0,5
684,110.23999999999,0,5
685,34.3300000000163,0,5
686,34.789999999979,0,5
687,193.549999999988,0,5
688,216.21000000002,0,5
689,33.9899999999906,0,5
690,324.75,0,5
691,254,0,5
692,0,0,5
693,30.2100000000209,0,5
694,172.219999999972,0,5
695,254.340000000025,0,5
696,217.799999999988,0,5
697,57.1500000000232,0,5
698,55.289999999979,0,5
699,45.1300000000046,0,5
700,171.110000000044,0,5
701,339.229999999981,0,5
702,32.9199999999837,0,5
703,0,0,5
704,31.6400000000139,0,5
705,0,0,5
706,0,0,5
707,93.9000000000232,0,6
708,115.569999999948,0,6
709,121.480000000039,0,6
710,549.289999999979,1,6
711,268.090000000025,1,6
712,35.039999999979,0,6
713,35.0499999999883,0,6
714,26.7000000000116,0,6
715,19.179999999993,0,6
716,77.859999999986,0,6
717,211.680000000051,0,6
718,158.529999999969,0,6
719,179.840000000025,0,6
720,20.079999999958,0,6
721,0,0,6
722,136.820000000006,0,6
723,93.9199999999837,0,6
724,159.21000000002,0,6
725,31.8400000000256,0,6
726,102.829999999958,0,6
727,235.380000000062,0,6
728,64.3499999999767,0,6
729,66.2299999999813,0,6
730,95.6199999999953,0,6
731,174.559999999997,0,6
732,0,0,6
733,0,0,6
734,0,0,6
735,210.630000000004,0,7
736,337.020000000018,0,7
737,117.709999999962,0,7
738,34.7000000000116,0,7
739,42.4100000000325,0,7
740,20.3800000000046,0,7
741,49.219999999972,0,7
742,100.690000000002,0,7
743,63.8099999999976,0,7
744,49.5,0,7
745,17.0499999999883,0,7
746,74.4600000000209,0,7
747,29.75,0,7
748,66.3699999999953,0,7
749,32.6500000000232,0,7
750,66.429999999993,0,7
751,37.1900000000023,0,7
752,266.539999999979,0,7
753,28.859999999986,0,7
754,31.9899999999906,0,7
755,0,0,7
756,32.1000000000349,0,7
757,81.289999999979,0,7
758,60.2999999999883,0,7
759,275.830000000016,0,7
760,61.0599999999976,0,7
761,175.299999999988,0,7
762,0,0,7
763,113.200000000011,0,8
764,63.0700000000069,0,8
765,127.159999999974,0,8
766,84.2200000000302,0,8
767,29.5999999999767,0,8
768,65.7399999999906,0,8
769,63.0599999999976,0,8
770,46.359999999986,0,8
771,19.8600000000442,0,8
772,28.8099999999976,0,8
773,191.23999999999,0,8
774,230.01999999996,0,8
775,87.5200000000186,0,8
776,36,0,8
777,31.6699999999837,0,8
778,38,0,8
779,203.860000000044,0,8
780,59.859999999986,0,8
781,18.859999999986,0,8
782,21.6000000000349,0,8
783,265.929999999993,0,8
784,31.8399999999674,0,8
785,32.7600000000093,0,8
786,46.3200000000069,0,8
787,30.5900000000256,0,8
788,127.369999999995,0,8
789,36.4899999999906,0,8
790,0,0,8
791,238.859999999986,0,9
792,209.559999999997,0,9
793,209.679999999993,0,9
794,222.059999999997,0,9
795,30.679999999993,0,9
796,0,0,9
797,31.9000000000232,0,9
798,18,0,9
799,22.0100000000093,0,9
800,105.149999999965,0,9
801,69.1900000000023,0,9
802,59.2100000000209,0,9
803,31.0499999999883,0,9
804,18.929999999993,0,9
805,18.2000000000116,0,9
806,78.0599999999976,0,9
807,130.919999999983,0,9
808,25.5500000000465,0,9
809,35.6300000000046,0,9
810,20.3099999999976,0,9
811,0,0,9
812,19.8099999999976,0,9
813,75.25,0,9
814,57.3499999999767,0,9
815,35.3499999999767,0,9
816,60.9100000000325,0,9
817,103.640000000013,0,9
818,26.9899999999906,0,9
819,175.700000000011,0,10
820,198.079999999958,0,10
821,431.530000000086,0,10
822,445.369999999937,0,10
823,30.539999999979,0,10
824,48.5,0,10
825,29.8699999999953,0,10
826,35.6900000000023,0,10
827,64.25,0,10
828,30.9700000000302,0,10
829,177.359999999986,1,10
830,304.400000000023,1,10
831,27.179999999993,0,10
832,65.2399999999906,0,10
833,128.440000000002,0,10
834,0,0,10
835,0,0,10
836,0,0,10
837,0,0,10
838,0,0,10
839,96.359999999986,0,1
840,51.5800000000163,0,1
841,99.2000000000116,0,1
842,57.8200000000069,0,1
843,33.829999999958,0,1
844,17.679999999993,0,1
845,94.2200000000302,0,1
846,253.770000000018,0,1
847,143.940000000002,0,1
848,337.779999999969,0,1
849,30.5,0,1
850,39.1199999999953,0,1
851,25.5800000000162,0,1
852,128.529999999969,0,1
853,209.860000000044,0,1
854,78.5700000000069,0,1
855,63.429999999993,0,1
856,31.3699999999953,0,1
857,31.7999999999883,0,1
858,29.8200000000069,0,1
859,32.1699999999837,0,1
860,116.020000000018,0,1
861,29.899999999965,0,1
862,68.6900000000023,0,1
863,121.910000000032,0,1
864,112.869999999995,0,1
865,0,0,1
866,0,0,1
867,0,0,2
868,59.1400000000139,0,2
869,389.330000000016,0,2
870,85.079999999958,0,2
871,73.9400000000023,0,2
872,64.7699999999604,0,2
873,129.170000000041,0,2
874,0,0,2
875,18.6300000000046,0,2
876,20.0499999999883,0,2
877,22.8300000000162,0,2
878,0,0,2
879,208.97000000003,0,2
880,173.629999999946,0,2
881,38.8499999999767,0,2
882,29.9100000000325,0,2
883,65.4899999999906,0,2
884,60,0,2
885,35.5200000000186,0,2
886,45.179999999993,0,2
887,71.8800000000046,0,2
888,167.76999999996,0,2
889,224.330000000016,0,2
890,31.7700000000186,0,2
891,174.809999999997,0,2
892,66.0999999999767,0,2
893,67.5800000000163,0,2
894,234.029999999969,0,2
895,516.429999999993,0,3
896,270.159999999974,0,3
897,18.289999999979,0,3
898,30.3600000000442,0,3
899,40.9099999999743,0,3
900,222.619999999995,0,3
901,32.7600000000093,0,3
902,51.5900000000256,0,3
903,31.109999999986,0,3
904,0,0,3
905,29.7700000000186,0,3
906,30.609999999986,0,3
907,69,0,3
908,92.149999999965,0,3
909,49.0599999999976,0,3
910,65.1600000000326,0,3
911,127.399999999965,0,3
912,62.4700000000302,0,3
913,48.5599999999976,0,3
914,0,1,3
915,67.5299999999697,1,3
916,607.400000000023,0,3
917,125.570000000006,0,3
918,34.7100000000209,0,3
919,21.4199999999837,0,3
920,259.459999999962,0,3
921,324.700000000011,0,3
922,176.47000000003,0,3
923,272.049999999988,0,4
924,32.5999999999767,0,4
925,188.630000000004,0,4
926,0,0,4
927,50.9000000000232,0,4
928,30.0700000000069,0,4
929,30.8800000000046,0,4
930,36.9199999999837,0,4
931,26.5300000000279,0,4
932,31.8899999999557,0,4
933,34.3900000000139,0,4
934,30.0599999999976,0,4
935,80.9400000000023,1,4
936,165.869999999995,1,4
937,446.260000000067,1,4
938,460.999999999941,1,4
939,244.299999999988,1,4
940,426.600000000034,0,4
941,193.450000000011,0,4
942,138.329999999958,0,4
943,239.859999999986,0,4
944,372.760000000009,0,4
945,83.2999999999883,0,4
946,28.5700000000069,0,4
947,94.6600000000326,0,4
948,276.199999999953,0,4
949,28.9400000000023,0,4
950,0,0,4
951,446.119999999995,0,5
952,253.340000000025,0,5
953,21.2600000000093,0,5
954,21.3499999999767,0,5
955,40.3300000000163,0,5
956,64.5599999999976,0,5
957,129.48999999999,0,5
958,253.070000000006,0,5
959,262.979999999981,0,5
960,26.3400000000256,0,5
961,68.2799999999697,0,5
962,61.9400000000023,0,5
963,78.4000000000232,0,5
964,129.030000000027,0,5
965,63.6399999999557,0,5
966,31.4700000000302,0,5
967,0,0,5
968,34.289999999979,0,5
969,77.5,0,5
970,64.0900000000256,0,5
971,61.7799999999697,0,5
972,64.6900000000023,0,5
973,175.25,0,5
974,69.1600000000326,0,5
975,48.5999999999767,0,5
976,218.039999999979,0,5
977,33.4800000000395,0,5
978,0,0,5
979,209.75,0,6
980,154.649999999965,0,6
981,638.880000000004,0,6
982,64.1500000000232,0,6
983,32.3499999999767,0,6
984,216.429999999993,0,6
985,56.2399999999906,0,6
986,35.2100000000209,0,6
987,44.469999999972,0,6
988,126.180000000051,0,6
989,33.3699999999953,0,6
990,37.1199999999953,0,6
991,0,0,6
992,27.039999999979,0,6
993,197.110000000044,0,6
994,218.789999999979,0,6
995,32.0299999999697,0,6
996,0,0,6
997,37.0800000000163,0,6
998,27.8699999999953,0,6
999,33.1400000000139,0,6
1000,32,0,6
1001,53.2799999999697,0,6
1002,188.260000000009,0,6
1003,63.9799999999813,0,6
1004,68.9500000000116,0,6
1005,107.820000000006,0,6
1006,0,0,6
1007,121.780000000027,0,7
1008,68.9499999999534,0,7
1009,27.6600000000325,0,7
1010,42.3499999999767,0,7
1011,21.4600000000209,0,7
1012,110.609999999986,0,7
1013,532.72000000003,1,7
1014,504.319999999948,1,7
1015,184.090000000025,0,7
1016,59.789999999979,0,7
1017,62.5900000000256,0,7
1018,67.469999999972,0,7
1019,174.680000000051,0,7
1020,61.6999999999534,0,7
1021,31.8400000000256,0,7
1022,143.349999999976,0,7
1023,63.8500000000349,0,7
1024,68.7799999999697,0,7
1025,139.820000000006,0,7
1026,98.0300000000279,0,7
1027,62.5700000000069,0,7
1028,98.8799999999464,0,7
1029,76.5500000000465,0,7
1030,40.1199999999953,0,7
1031,166.779999999969,0,7
1032,0,0,7
1033,0,0,7
1034,0,0,7
1035,1006.07,0,8
1036,302.679999999993,1,8
1037,80.9199999999837,1,8
1038,161.150000000023,0,8
1039,65.969999999972,0,8
1040,140.850000000034,0,8
1041,63.0699999999487,0,8
1042,31.1300000000046,0,8
1043,21.2200000000302,0,8
1044,20.5700000000069,0,8
1045,203.849999999976,0,8
1046,94.9500000000116,0,8
1047,22.0499999999883,0,8
1048,44.2100000000209,0,8
1049,42.4599999999627,0,8
1050,30.6000000000349,0,8
1051,127.48999999999,0,8
1052,75.0599999999976,0,8
1053,23.9099999999743,0,8
1054,48.75,0,8
1055,64.2600000000093,0,8
1056,66.4400000000023,0,8
1057,383.47000000003,1,8
1058,831.510000000009,1,8
1059,63.2699999999604,0,8
1060,128.910000000032,0,8
1061,144.809999999997,0,8
1062,0,0,8
1063,243.429999999993,0,9
1064,88.9799999999813,0,9
1065,89.0200000000186,0,9
1066,222.23999999999,0,9
1067,29.9799999999813,0,9
1068,27.2100000000209,0,9
1069,38.2799999999697,0,9
1070,24.6000000000349,0,9
1071,244.039999999979,0,9
1072,239.480000000039,0,9
1073,64.859999999986,0,9
1074,29.7600000000093,0,9
1075,67.8499999999767,0,9
1076,78.3300000000163,0,9
1077,29.6900000000023,0,9
1078,30.7600000000093,0,9
1079,188.409999999974,0,9
1080,160.899999999965,0,9
1081,167.410000000032,0,9
1082,32.7700000000186,0,9
1083,122.479999999981,0,9
1084,178.130000000004,0,9
1085,331.730000000039,0,9
1086,188.719999999972,0,9
1087,43.2600000000093,0,9
1088,175.469999999972,0,9
1089,29.3099999999976,0,9
1090,72.0900000000256,0,9
1091,272.940000000002,0,10
1092,31.4799999999813,0,10
1093,30.8900000000139,0,10
1094,32.399999999965,0,10
1095,49.0599999999976,0,10
1096,31.8600000000442,0,10
1097,92.1199999999953,0,10
1098,96.829999999958,0,10
1099,35.7600000000093,0,10
1100,43.0400000000372,0,10
1101,71.4899999999906,0,10
1102,60.7299999999813,0,10
1103,62.3800000000046,0,10
1104,65.4899999999906,0,10
1105,30.4799999999813,0,10
1106,81.3300000000163,0,10
1107,33.859999999986,0,10
1108,29.8000000000465,0,10
1109,0,0,10
1110,30.539999999979,0,10
1111,33.3300000000163,0,10
1112,0,0,10
1113,30.2799999999697,0,10
1114,274.679999999993,0,10
1115,101.73999999999,0,10
1116,70.4900000000489,0,10
1117,0,0,10
1118,0,0,10
1119,320.140000000013,0,11
1120,46.5,0,11
1121,0,0,11
1122,30.789999999979,0,11
1123,61.1500000000232,0,11
1124,37.3399999999674,0,11
1125,85.2100000000209,0,11
1126,20.0999999999767,0,11
1127,24.4500000000116,0,11
1128,40.9700000000302,0,11
1129,0,0,11
1130,36.359999999986,0,11
1131,32.7799999999697,0,11
1132,95.1300000000046,0,11
1133,0,0,1
1134,0,0,1
1135,0,0,1
1136,0,0,1
1137,203.68,0,1
1138,68.4799999999959,0,1
1139,431.18,0,1
1140,237.380000000004,0,1
1141,130.079999999994,0,1
1142,412.760000000002,1,1
1143,385.169999999998,1,1
1144,303.079999999994,0,1
1145,626.350000000005,0,1
1146,194.459999999999,0,1
1147,170.950000000004,0,1
1148,114.709999999999,0,1
1149,60.6900000000023,0,1
1150,35.2399999999979,0,1
1151,66.4799999999959,0,1
1152,370.100000000005,0,1
1153,40.0299999999988,0,1
1154,20.2599999999947,0,1
1155,110.510000000002,0,1
1156,146.18,0,1
1157,223.200000000004,0,1
1158,28.6699999999982,0,1
1159,48.689999999995,0,1
1160,255.690000000002,0,1
1161,65.3199999999997,0,2
1162,110.079999999994,0,2
1163,35.9200000000055,0,2
1164,59.5499999999956,0,2
1165,65.1200000000026,1,2
1166,409.93,1,2
1167,766.839999999996,0,2
1168,465.360000000007,0,2
1169,213.809999999997,0,2
1170,82.6499999999941,0,2
1171,189.350000000005,0,2
1172,127.209999999999,0,2
1173,37.0199999999968,0,2
1174,42.9899999999979,0,2
1175,68.9600000000064,0,2
1176,27.2699999999968,0,2
1177,30.5199999999968,0,2
1178,35.3100000000049,0,2
1179,68.6199999999953,0,2
1180,27.8500000000058,0,2
1181,349.829999999994,0,2
1182,62.6399999999994,0,2
1183,31.6600000000034,0,2
1184,39.3700000000026,0,2
1185,93.9799999999959,0,2
1186,270.639999999999,0,2
1187,60.3499999999985,0,2
1188,787.690000000002,0,2
1189,0,0,3
1190,0,0,3
1191,302.699999999997,0,3
1192,484.990000000005,0,3
1193,264.900000000001,0,3
1194,161.04,0,3
1195,289.209999999991,0,3
1196,256.440000000009,0,3
1197,582.450000000004,0,3
1198,413.549999999988,0,3
1199,123.699999999997,0,3
1200,92.5300000000133,0,3
1201,195.829999999987,0,3
1202,236,0,3
1203,115.660000000003,0,3
1204,96.6900000000023,0,3
1205,124.199999999997,0,3
1206,271.290000000008,0,3
1207,40.5499999999883,0,3
1208,71.6500000000087,0,3
1209,159.029999999998,0,3
1210,229.550000000002,0,3
1211,252.73999999999,1,3
1212,65.5800000000017,1,3
1213,321.030000000013,0,3
1214,797.269999999989,0,3
1215,161.490000000005,0,3
1216,703.470000000001,0,3
1217,114.540000000008,0,4
1218,127.919999999998,0,4
1219,65,0,4
1220,112.300000000002,0,4
1221,59.0799999999871,0,4
1222,67.8600000000005,0,4
1223,60.0600000000122,0,4
1224,271.889999999999,0,4
1225,75.8199999999924,0,4
1226,405.880000000004,0,4
1227,62.5,0,4
1228,343.089999999996,0,4
1229,396.5,0,4
1230,60.3800000000046,0,4
1231,80.5899999999965,0,4
1232,159.740000000005,0,4
1233,66.3299999999872,0,4
1234,79.6100000000005,0,4
1235,61.3200000000069,0,4
1236,37.3099999999976,0,4
1237,449.870000000009,0,4
1238,489.649999999994,0,4
1239,49.1100000000005,0,4
1240,19.5999999999912,0,4
1241,234.470000000001,0,4
1242,31.8000000000029,0,4
1243,66.1499999999941,0,4
1244,141.890000000013,0,4
1245,94.6900000000023,0,5
1246,96.6600000000034,0,5
1247,117.679999999993,0,5
1248,59.1699999999982,0,5
1249,97.2400000000052,0,5
1250,27.5899999999965,0,5
1251,35.0599999999976,0,5
1252,83.2100000000064,0,5
1253,209.820000000006,0,5
1254,218.369999999995,0,5
1255,160.529999999998,0,5
1256,241.580000000001,0,5
1257,61.6100000000005,0,5
1258,118.099999999991,0,5
1259,122.870000000009,0,5
1260,543,0,5
1261,242.289999999993,0,5
1262,94.0899999999965,0,5
1263,239.630000000004,0,5
1264,67.520000000004,0,5
1265,47.429999999993,0,5
1266,1246.25,0,5
1267,351.800000000002,0,5
1268,294.169999999998,0,5
1269,124.010000000009,1,5
1270,395.799999999988,1,5
1271,69.0500000000029,0,5
1272,719.130000000004,0,5
1273,109.770000000004,0,6
1274,36.3000000000029,0,6
1275,127.400000000008,0,6
1276,174.87999999999,0,6
1277,28.3300000000017,0,6
1278,63.0999999999912,0,6
1279,50.2799999999988,0,6
1280,196.240000000005,0,6
1281,390.12999999999,0,6
1282,180.890000000013,0,6
1283,398.899999999994,0,6
1284,304.229999999995,0,6
1285,481.320000000007,0,6
1286,222.009999999994,0,6
1287,272.229999999995,0,6
1288,38.0400000000081,0,6
1289,238.049999999988,0,6
1290,270.380000000004,0,6
1291,66.8000000000029,0,6
1292,27.7100000000064,0,6
1293,307.279999999998,0,6
1294,61.3300000000017,0,6
1295,115.409999999988,0,6
1296,92.2400000000052,0,6
1297,68.9000000000087,0,6
1298,72.5899999999965,0,6
1299,225.189999999987,0,6
1300,785.710000000006,0,6
1301,401.279999999998,0,7
1302,449.169999999998,0,7
1303,134.259999999994,0,7
1304,263.790000000008,0,7
1305,64.5400000000081,0,7
1306,159.639999999999,0,7
1307,289.159999999988,0,7
1308,128.870000000009,0,7
1309,64.4400000000023,0,7
1310,268.23999999999,0,7
1311,97.0299999999988,0,7
1312,79.9700000000011,0,7
1313,32.6399999999994,0,7
1314,63.4100000000034,0,7
1315,608.190000000002,0,7
1316,95.2399999999906,0,7
1317,66.1000000000058,0,7
1318,108.86,0,7
1319,68.3099999999976,0,7
1320,63.8500000000058,0,7
1321,40.8399999999965,0,7
1322,267.330000000001,0,7
1323,62.0899999999965,0,7
1324,139.75,0,7
1325,403.770000000004,0,7
1326,107.649999999994,0,7
1327,62.0700000000069,0,7
1328,372.929999999993,0,7
1329,0,0,8
1330,51.3800000000046,0,8
1331,96.8399999999965,0,8
1332,58.4600000000064,0,8
1333,51.9700000000011,1,8
1334,550.149999999994,1,8
1335,551.619999999995,0,8
1336,68.6300000000046,0,8
1337,62.3500000000058,0,8
1338,222.099999999991,0,8
1339,109.370000000009,0,8
1340,37.6299999999901,0,8
1341,43.8200000000069,0,8
1342,35.1100000000005,0,8
1343,340.940000000002,0,8
1344,235.649999999994,0,8
1345,58.2100000000064,0,8
1346,40.1899999999877,0,8
1347,256.590000000011,0,8
1348,744.889999999999,0,8
1349,309.169999999998,0,8
1350,58.2599999999947,0,8
1351,336.190000000002,0,8
1352,53.3200000000069,0,8
1353,29.2899999999935,0,8
1354,27.770000000004,0,8
1355,0,0,8
1356,464.5,0,8
1357,302.400000000008,0,9
1358,163.36,0,9
1359,212.809999999997,0,9
1360,70.7200000000011,0,9
1361,129.270000000004,0,9
1362,29.1599999999889,0,9
1363,56.6700000000128,0,9
1364,41.6199999999953,0,9
1365,243.190000000002,0,9
1366,47.25,0,9
1367,43.0199999999895,0,9
1368,175.760000000009,0,9
1369,98.2899999999936,0,9
1370,83,0,9
1371,59.0599999999976,0,9
1372,67.8500000000058,0,9
1373,237.130000000004,0,9
1374,307.75,0,9
1375,63.5099999999947,0,9
1376,124,0,9
1377,119.119999999995,0,9
1378,92.9000000000087,0,9
1379,237.349999999991,1,9
1380,222.779999999998,1,9
1381,438.540000000022,0,9
1382,282.409999999988,0,9
1383,300.339999999996,0,9
1384,0,0,9
1385,65.5899999999965,0,10
1386,246.770000000004,0,10
1387,89.6000000000058,0,10
1388,31.5699999999924,0,10
1389,31.8600000000005,0,10
1390,31.7600000000093,0,10
1391,34.4799999999959,0,10
1392,207.289999999993,0,10
1393,31.2600000000093,0,10
1394,34.3699999999953,0,10
1395,29.3500000000058,0,10
1396,0,0,10
1397,33.6100000000005,0,10
1398,148.86999999998,0,10
1399,122.580000000016,0,10
1400,30.7699999999895,0,10
1401,304.160000000003,0,10
1402,232.619999999995,0,1
1403,471.669999999983,0,1
1404,66.9900000000197,0,1
1405,270.419999999983,0,1
1406,733.820000000007,0,1
1407,115.760000000009,0,1
1408,155.559999999997,0,1
1409,443.25,0,1
1410,199.609999999986,0,1
1411,112.790000000008,0,1
1412,191.660000000003,0,1
1413,81.5099999999802,0,1
1414,60.1100000000151,0,1
1415,95.1300000000046,0,1
1416,96.9700000000011,0,1
1417,654.109999999986,1,1
1418,310.770000000018,1,1
1419,28.039999999979,1,1
1420,64.9800000000104,0,1
1421,30.0400000000081,0,1
1422,95.6399999999848,0,1
1423,65.1100000000151,0,1
1424,79.9700000000011,0,1
1425,31.7999999999883,0,1
1426,64.679999999993,0,1
1427,436.170000000012,0,1
1428,762.970000000001,0,1
1429,382.839999999996,0,1
1430,367.320000000007,0,2
1431,138.589999999996,0,2
1432,303.679999999993,0,2
1433,192.990000000019,0,2
1434,82.9899999999906,0,2
1435,27.8999999999941,0,2
1436,274.959999999991,0,2
1437,639.310000000026,0,2
1438,164.359999999986,0,2
1439,69.3699999999953,0,2
1440,69.7000000000116,0,2
1441,70.3899999999848,0,2
1442,392.529999999998,0,2
1443,38.3200000000069,0,2
1444,20.3999999999941,1,2
1445,17.2600000000093,1,2
1446,132.559999999997,0,2
1447,70.2300000000104,0,2
1448,1068.84999999997,0,2
1449,1032.80000000001,0,2
1450,115.5,0,2
1451,307.779999999998,0,2
1452,70.8999999999941,0,2
1453,25.1000000000058,0,2
1454,78.3299999999872,0,2
1455,63.3500000000058,0,2
1456,304.300000000017,0,2
1457,979.129999999975,0,2
1458,246.809999999997,0,3
1459,175.589999999996,0,3
1460,43.4800000000104,0,3
1461,141.139999999984,0,3
1462,34.9500000000116,0,3
1463,30.679999999993,0,3
1464,49.9899999999906,0,3
1465,98.7300000000104,0,3
1466,28.1000000000058,0,3
1467,31.2900000000081,0,3
1468,197.029999999998,0,3
1469,128.149999999965,0,3
1470,256.860000000015,0,3
1471,0,0,3
1472,58.0899999999965,0,3
1473,306.150000000023,0,3
1474,61.1399999999848,0,3
1475,65.1400000000139,0,3
1476,240.350000000005,0,3
1477,176.339999999996,0,3
1478,99.039999999979,0,3
1479,96.2200000000011,0,3
1480,142.720000000001,0,3
1481,230.290000000008,0,3
1482,281.220000000001,0,3
1483,189.940000000002,0,3
1484,214.839999999996,0,3
1485,1544.77999999999,0,3
1486,495.200000000011,0,4
1487,209.709999999991,0,4
1488,58.2399999999906,0,4
1489,36.1100000000151,0,4
1490,287.729999999981,0,4
1491,66.7900000000081,0,4
1492,64.7300000000104,0,4
1493,31.2299999999813,0,4
1494,62.9700000000011,0,4
1495,214.450000000011,0,4
1496,655.98999999999,0,4
1497,312.619999999995,0,4
1498,31.9600000000209,0,4
1499,71.179999999993,0,4
1500,25.0299999999988,0,4
1501,32.6000000000058,0,4
1502,82.75,0,4
1503,61.1300000000046,0,4
1504,29.5099999999802,0,4
1505,66.6600000000034,0,4
1506,18,0,4
1507,220.380000000004,0,4
1508,65.3299999999872,0,4
1509,38.2000000000116,0,4
1510,106.600000000005,0,4
1511,154.890000000013,0,4
1512,279.389999999984,0,4
1513,542.470000000001,0,4
1514,120.880000000004,0,5
1515,597.350000000005,0,5
1516,398.709999999991,0,5
1517,18.6000000000058,0,5
1518,57.5599999999976,0,5
1519,82.6699999999837,0,5
1520,430.400000000023,0,5
1521,334.020000000018,0,5
1522,115.629999999975,0,5
1523,0,0,5
1524,29.0799999999871,0,5
1525,0,0,5
1526,36.6700000000128,0,5
1527,31.0299999999988,0,5
1528,29.5299999999988,0,5
1529,34.9700000000011,0,5
1530,28.7699999999895,0,5
1531,31.9400000000023,0,5
1532,202.080000000016,0,5
1533,216.029999999998,0,5
1534,94.7599999999802,0,5
1535,63.8399999999965,0,5
1536,96.1000000000058,0,5
1537,51.8200000000069,0,5
1538,59.4100000000034,0,5
1539,340.070000000007,0,5
1540,58.5499999999883,0,5
1541,982.869999999995,0,5
1542,126.350000000005,0,6
1543,446.369999999995,0,6
1544,62.4899999999906,0,6
1545,97.8200000000069,0,6
1546,114.920000000012,0,6
1547,161.849999999976,0,6
1548,80.0700000000069,0,6
1549,58.5400000000081,0,6
1550,94.4800000000104,0,6
1551,67.359999999986,0,6
1552,32.3500000000058,0,6
1553,78.5,0,6
1554,29.9599999999918,0,6
1555,34.4700000000011,0,6
1556,65.6700000000128,0,6
1557,303.119999999995,0,6
1558,64.2200000000011,0,6
1559,115.109999999986,1,6
1560,91.3200000000069,1,6
1561,68.0400000000081,0,6
1562,91.9400000000023,0,6
1563,577.559999999968,0,6
1564,302.48000000001,0,6
1565,82.1500000000232,0,6
1566,60.8399999999965,0,6
1567,66.2299999999813,0,6
1568,63.8999999999941,0,6
1569,398.360000000015,0,6
1570,149.339999999996,0,7
1571,30.1700000000128,0,7
1572,67.7999999999883,0,7
1573,65.2900000000081,1,7
1574,520.139999999955,1,7
1575,830.610000000044,0,7
1576,98.3299999999872,0,7
1577,95.5500000000174,0,7
1578,78.2999999999883,0,7
1579,65.7600000000093,0,7
1580,127.940000000002,0,7
1581,339.299999999988,0,7
1582,268.48999999999,0,7
1583,142.050000000017,0,7
1584,63.6499999999941,0,7
1585,67.359999999986,0,7
1586,30.0700000000069,0,7
1587,16.5100000000093,0,7
1588,21.6600000000034,0,7
1589,82.5799999999872,0,7
1590,54.7600000000093,0,7
1591,99.0499999999883,0,7
1592,178.690000000002,0,7
1593,65.8099999999976,0,7
1594,30.9100000000034,0,7
1595,63.3500000000058,0,7
1596,243.990000000019,0,7
1597,1238.73999999999,0,7
1598,99.9599999999918,0,8
1599,32.9200000000128,0,8
1600,62.109999999986,0,8
1601,112.830000000016,0,8
1602,91.7599999999802,0,8
1603,34.6900000000023,0,8
1604,43.1199999999953,0,8
1605,21.9600000000209,0,8
1606,79.1000000000058,0,8
1607,126.199999999982,0,8
1608,97.5,0,8
1609,114.670000000012,0,8
1610,63.0899999999965,1,8
1611,60.4599999999918,1,8
1612,189.47000000003,0,8
1613,1749.30999999996,0,8
1614,461.73999999999,0,8
1615,65.6800000000221,0,8
1616,141.880000000004,0,8
1617,60.9399999999732,0,8
1618,98.3200000000069,0,8
1619,75.6000000000058,0,8
1620,136.200000000011,0,8
1621,0,0,8
1622,0,0,8
1623,0,0,8
1624,0,0,8
1625,472.339999999996,0,8
1626,125.829999999987,0,9
1627,1144.11000000001,0,9
1628,647.699999999982,0,9
1629,64.5899999999965,0,9
1630,32.0200000000186,0,9
1631,81.1599999999743,0,9
1632,65.0500000000174,0,9
1633,128.419999999983,0,9
1634,62.8600000000151,0,9
1635,29.3899999999848,0,9
1636,51.2300000000104,0,9
1637,30.5100000000093,0,9
1638,29.4899999999906,0,9
1639,65.429999999993,0,9
1640,338.48000000001,0,9
1641,62.8399999999965,0,9
1642,79.2300000000104,0,9
1643,31.2200000000011,0,9
1644,33.359999999986,0,9
1645,124.470000000001,0,9
1646,39.1100000000151,0,9
1647,172.209999999991,0,9
1648,96.0499999999883,0,9
1649,35.2799999999988,0,9
1650,141.869999999995,0,9
1651,27.7400000000197,0,9
1652,36.6300000000046,0,9
1653,603.379999999975,0,9
1654,0,0,10
1655,94.5800000000163,0,10
1656,274.919999999983,0,10
1657,59.9400000000023,0,10
1658,66.0700000000069,0,10
1659,84.9199999999837,0,10
1660,124.100000000005,0,10
1661,97.5500000000174,0,10
1662,28.2299999999813,0,10
1663,50.6100000000151,0,10
1664,31.2699999999895,0,10
1665,29.3200000000069,0,10
1666,253.819999999977,0,10
1667,235.920000000012,0,10
1668,39.7300000000104,0,10
1669,237.809999999997,0,10
1670,40.2699999999895,0,10
1671,73.8900000000139,0,10
1672,98.2099999999918,0,10
1673,237.48999999999,0,10
1674,62.9300000000221,0,10
1675,63.9499999999825,0,10
1676,242,0,10
1677,96.8500000000058,0,10
1678,817.5,0,10